:020000040000fa
:020000041fc01b
:100000000200f00f0000000000601a40c0045a7f98
:100010000500401300000000019d1a3cc0b15a27a2
:10002000080040030000000000a01d3cf87fbd2731
:1000300000a01c3cf07f9c27019d083cb8b208251d
:1000400009f8000100000000019d083c24a00825db
:1000500009f80001000000000000093c000029250b
:1000600010002011000000000100093c008029253b
:1000700088bf0a3c10204a25000049ad0100093c18
:100080000080292588bf0a3c20204a25000049ad70
:100090000100093c0080292588bf0a3c30204a2500
:1000a000000049ad00488040ffff0a2400588a4004
:1000b0004000083c00600a4025500a0100608a4068
:1000c000029d093c00f02925c0000000017889400c
:1000d0000000093c0100292500000a2444492a7d2a
:1000e00001608a408000093c006889400080084027
:1000f0008005097d404c0900006008405800013c23
:10010000244001012540280100608840c000000013
:10011000019d083cc0b2082509f80001000000005c
:1001200000600840bfff013cffff21342440010173
:1001300000608840000084300000a530019d083c2c
:0c0140001ca908250800000100000000b8
:020000040000fa
:020000041fc01b
:10038000019d1a3c90b15a2708004003000000006c
:020000040000fa
:020000041d01dc
:10f18000019d1a3c648c5a270800400300000000cf
:020000040000fa
:020000041d01dc
:08f20000d12a400b00000000c0
:020000040000fa
:020000041d01dc
:08f22000d12a400b00000000a0
:020000040000fa
:020000041d01dc
:08f24000d12a400b0000000080
:020000040000fa
:020000041d01dc
:08f26000d12a400b0000000060
:020000040000fa
:020000041d01dc
:08f28000d12a400b0000000040
:020000040000fa
:020000041d01dc
:08f2a000d12a400b0000000020
:020000040000fa
:020000041d01dc
:08f2c000d12a400b0000000000
:020000040000fa
:020000041d01dc
:08f2e000d12a400b00000000e0
:020000040000fa
:020000041d01dc
:08f30000d12a400b00000000bf
:020000040000fa
:020000041d01dc
:08f32000d12a400b000000009f
:020000040000fa
:020000041d01dc
:08f34000d12a400b000000007f
:020000040000fa
:020000041d01dc
:08f36000d12a400b000000005f
:020000040000fa
:020000041d01dc
:08f38000d12a400b000000003f
:020000040000fa
:020000041d01dc
:08f3a000d12a400b000000001f
:020000040000fa
:020000041d01dc
:08f3c000d12a400b00000000ff
:020000040000fa
:020000041d01dc
:08f3e000d12a400b00000000df
:020000040000fa
:020000041d01dc
:08f40000d12a400b00000000be
:020000040000fa
:020000041d01dc
:08f42000d12a400b000000009e
:020000040000fa
:020000041d01dc
:08f44000d12a400b000000007e
:020000040000fa
:020000041d01dc
:08f46000d12a400b000000005e
:020000040000fa
:020000041d01dc
:08f48000d12a400b000000003e
:020000040000fa
:020000041d01dc
:08f4a000d12a400b000000001e
:020000040000fa
:020000041d01dc
:08f4c000d12a400b00000000fe
:020000040000fa
:020000041d01dc
:08f4e000d12a400b00000000de
:020000040000fa
:020000041d01dc
:08f50000d12a400b00000000bd
:020000040000fa
:020000041d01dc
:08f52000d12a400b000000009d
:020000040000fa
:020000041d01dc
:08f54000d12a400b000000007d
:020000040000fa
:020000041d01dc
:08f56000d12a400b000000005d
:020000040000fa
:020000041d01dc
:08f58000d12a400b000000003d
:020000040000fa
:020000041d01dc
:08f5a000d12a400b000000001d
:020000040000fa
:020000041d01dc
:08f5c000d12a400b00000000fd
:020000040000fa
:020000041d01dc
:08f5e0003d20400b000000007b
:020000040000fa
:020000041d01dc
:08f600008520400b0000000012
:020000040000fa
:020000041d01dc
:08f62000cd20400b00000000aa
:020000040000fa
:020000041d01dc
:08f64000d12a400b000000007c
:020000040000fa
:020000041d01dc
:08f66000d12a400b000000005c
:020000040000fa
:020000041d01dc
:08f68000d12a400b000000003c
:020000040000fa
:020000041d01dc
:08f6a0001521400b00000000e1
:020000040000fa
:020000041d01dc
:08f6c000d12a400b00000000fc
:020000040000fa
:020000041d01dc
:08f6e000d12a400b00000000dc
:020000040000fa
:020000041d01dc
:08f70000d12a400b00000000bb
:020000040000fa
:020000041d01dc
:08f72000d12a400b000000009b
:020000040000fa
:020000041d01dc
:08f74000d12a400b000000007b
:020000040000fa
:020000041d01dc
:08f76000d12a400b000000005b
:020000040000fa
:020000041fc01b
:1004800000f89b40c0000000019d1b3c14ac7b2782
:10049000020060130000000000c09b4000f81b40f9
:0c04a000c00000001f000042000000002f
:020000040000fa
:020000041fc01b
:040bf000ffffffff05
:020000040000fa
:020000041fc01b
:040bf400f9f9f9ff13
:020000040000fa
:020000041fc01b
:040bf80059cf74fd60
:020000040000fa
:020000041fc01b
:040bfc00fbffff7f7d
:020000040000fa
:020000041d00dd
:1000000070ffbd278c00bfaf8800b3af8400b2afd4
:100010008000b1af7c00b0af2c808293ff004230f3
:1000200013004010000000002c8080a3872c400f9c
:10003000000000001700401425884000009d043c8b
:100040000c25400f504f8424e32a400f00a0103ca1
:10005000205010260001062425280000e92b400f1f
:1000600025200002000105247326400f25200002f0
:100070004e0b400f000000008c00bf8f8800b38f34
:100080008400b28f8000b18f7c00b08f0800e00345
:100090009000bd270001422c6100401000a0023cee
:1000a0002050422421102202000040a000a0103c59
:1000b000b22b400f20500426ffff42242050102670
:1000c000211002022b805000120000164000053c57
:1000d0000900a52400a0043c205084240000439083
:1000e000f6ff6324ff0063301700662c0900c01080
:1000f00006186500010063300700601000a0103c86
:10010000000040a0ffff42242b184400f4ff605081
:100110000000439000a0103c205010261000b0af0b
:1001200025382002009d063c904fc62480000524ff
:1001300000a0113c072c400f205124260c25400f15
:1001400020512426009d053cb04fa524d42b400f00
:100150002520000256004014009d053c009d043cf3
:100160000c25400fb84f84242d808293ff0042302d
:100170004a004014010002242d8082a3be2b400fb0
:10018000000000001c8082af009d043c0c25400f45
:10019000d44f8424f42a400f00a0103c20001026e5
:1001a000912c400f00000000240040140020062481
:1001b0002528000000a0043ce92b400f20008424e7
:1001c000daff02241800a2a3010002241900a2a34e
:1001d000deff02241a00a2a3030005248623400f99
:1001e0001800a427280040100f00103c40421026a1
:1001f000ffff1124962c400f000000001400401057
:1002000000000000ffff1026faff1116009d043cbd
:100210000c25400ffc4f842413000010b805043c4b
:1002200000a0023c1f5140a0009d043c0c25400f43
:10023000684f84249eff001000a0103c002005247d
:100240009726400f25200002d5ff00100000000077
:10025000efff0056009d043c009d043c0c25400f20
:10026000e84f8424b805043c262b400f00d8843482
:100270000020052400a0043c9726400f2000842481
:1002800071ff001000000000009d043c0c25400f91
:10029000185084246cff001000000000009d043cf6
:1002a0000c25400f3c50842467ff00100000000024
:1002b0005850a52400a0043cd42b400f2050842487
:1002c0004b004014009d053c009d043c0c25400f54
:1002d000605084242d808293ff00423040004050c3
:1002e000009d043c2d8080a3009d043c0c25400f04
:1002f00078508424f42a400f00a0103c20001026df
:10030000912c400f000000001d0040140020062426
:100310002528000000a0043ce92b400f2000842485
:10032000daff02241800a2a3020002241900a2a3eb
:10033000deff02241a00a2a3030005248623400f37
:100340001800a427210040100f00103c4042102646
:10035000ffff1124962c400f000000000d004010fc
:1003600000000000ffff1026faff1116009d043c5c
:100370000c25400f8c5084240c000010b805043c60
:10038000002005249726400f25200002dcff0010e6
:1003900000000000f6ff0056009d043c009d043c58
:1003a0000c25400fe84f8424b805043c262b400f51
:1003b00000d884340020052400a0043c9726400f78
:1003c0002000842420ff001000000000009d043c59
:1003d0000c25400fa45084241bff001000000000d7
:1003e0000c25400fc850842417ff001000000000a7
:1003f000e050a52400a0043cd42b400f20508424be
:1004000045004014009d053c009d043c0c25400f18
:10041000e85084242d8080a300a0023cf85140ac19
:10042000009d043c0c25400f04518424f42a400f05
:1004300000a0103c20001026912c400f000000006e
:100440001d004014002006242528000000a0043cc4
:10045000e92b400f20008424daff02241800a2a315
:10046000030002241900a2a3deff02241a00a2a3a3
:10047000030005248623400f1800a4272100401004
:100480000f00103c40421026ffff1124962c400f15
:10049000000000000d00401000000000ffff1026cb
:1004a000faff1116009d043c0c25400f24518424b2
:1004b0000c0000109200043c002005249726400ff9
:1004c00025200002dcff001000000000f6ff0056af
:1004d000009d043c009d043c0c25400fe84f842403
:1004e0009200043c262b400f007c8424002005242d
:1004f00000a0043c9726400f20008424d2fe001068
:1005000000000000009d043c0c25400f4051842455
:10051000cdfe0010000000006451a52400a0043ca2
:10052000d42b400f2050842468004014009d053ccb
:10053000009d043c0c25400f6c51842400a0043c19
:10054000fb10400ff0518424bffe401000a0113c6e
:10055000f051302648000592691b400f4400049674
:10056000daff02241800a2a32400028e1900a2a31d
:100570002c00028e031a02001a00a3a31b00a2a3e0
:100580003000028e831802001c00a3a33400038ee7
:100590000029647c80110200251082001d00a2a3a6
:1005a0003800028e0019447c0019030025188300ce
:1005b0001e00a3a33c00048e8018837c001102005f
:1005c000251062001f00a2a34000028e401102000d
:1005d000200042302800038e001903001000633011
:1005e0002510430080210400251044002000a2a310
:1005f000f051248e02000324030083142510000010
:1006000000a0023c3c5242902100a2a3deff022443
:100610002200a2a30b0005248623400f1800a42764
:10062000250040100f00103c40421026ffff11240f
:10063000962c400f00000000080040100000000051
:10064000ffff1026faff1116009d043c0c25400ff9
:10065000845184240700001000a0023cfbff0056d8
:10066000009d043c009d043c0c25400fe84f842471
:1006700000a0023cf051422400a0033ca05163249e
:10068000500044240000488c0400478c0800468c2d
:100690000c00458c000068ac040067ac080066ac38
:1006a0000c0065ac10004224f6ff441410006324d3
:1006b00065fe001000000000009d043c0c25400f6a
:1006c000b0518424ebff001000a0023cd851a524b7
:1006d00000a0043cd42b400f205084241900405427
:1006e00000a0043c009d043c0c25400fe0518424f4
:1006f0004329400f0000000053fe001000000000de
:1007000001005226010044248d2b400f2c000524ab
:10071000fbff4014009d053c346aa52400a0043c66
:100720008a25400f20508424090040142580400071
:10073000009d043c0c25400ff851842442fe00101b
:100740000000000020508424efff0010010012245c
:10075000009d053cf86ba524d42b400f25204000bc
:1007600025884000009d053cf46ba524d42b400f48
:10077000252000020700201225804000a60040101e
:10078000009d043c0c25400f085284242efe0010ce
:100790000000000093004010140002248c0042125c
:1007a0004c00062425384002009d063c4452c624d5
:1007b00050000524072c400f1800a4270c25400fdb
:1007c0001800a42720fe0010000000000000438055
:1007d00005006014009d043c0c25400f78528424d1
:1007e00019fe0010000000002628400f25204000c0
:1007f0001400032e19006010801810002118430205
:100800000000638c08006000000000005c08009d90
:100810006408009d7008009d7c08009d9008009d64
:10082000a808009db408009dc008009dcc08009d4c
:10083000d808009de408009df808009d0409009d6b
:100840001009009d1c09009d2809009d3409009d88
:100850004809009d6009009d7409009d7c000010fe
:10086000010010261c00a2af790000100200102425
:100870002000a2af760000100300102400004328df
:100880000b1003002400a2af71000010040010241c
:1008900000104328ff0f04240a1083002800a2af91
:1008a0006b000010050010242c00a2af680000109f
:1008b000060010243000a2af6500001007001024cd
:1008c0003400a2af62000010080010243800a2af6c
:1008d0005f000010090010243c00a2af5c00001073
:1008e0000a0010240200432c0a1003004000a2afab
:1008f000570000100b0010244400a2af5400001059
:100900000c0010244800a2af510000100d0010246c
:100910004c00a2af4e0000100e0010245000a2aff9
:100920004b0000100f0010245400a2af480000102c
:10093000100010240200432c0a1003005800a2af3c
:100940004300001011001024e9034328e8030424a5
:100950000a1083005c00a2af3d00001012001024ba
:100960000200432c0a1003006000a2af3800001000
:100970001300102436002016140010243400001038
:100980006400a2af80000056009d043c009d043c22
:100990000c25400fe84f842400a0023cf051422473
:1009a00048004590691b400f44004494ed06400ff9
:1009b00000000000a4fd001000000000009d043ca9
:1009c0000c25400fb0518424f4ff001000a0023c1d
:1009d00025280000e92b400f1c00a427160000105a
:1009e00002000224130002246fff42122538400245
:1009f00025384002009d063c2052c62440000524b4
:100a0000072c400f1800a4270c25400f1800a4271e
:100a10008dfd00100000000013000224f4ff4216b8
:100a20004c00062425280000e92b400f1c00a427b9
:100a30002b101000010042241800a2af0100102466
:100a4000009d133c346a7326009d123c0c0852260c
:100a5000252860028a25400f252000005bff4014f6
:100a60001800a32700a0023cf05142246800a427ec
:100a70000000688c0400678c0800668c0c00658c94
:100a8000000048ac040047ac080046ac0c0045ac84
:100a900010006324f6ff641410004224daff0224dd
:100aa0006800a2a300a0023cf05142242400438c21
:100ab0006900a3a32c00438c032203006a00a4a3b3
:100ac0006b00a3a33000438c832003006c00a4a31d
:100ad0003400448c0029857c801903002518a3006c
:100ae0006d00a3a33800438c0019657c002104002d
:100af0002520a4006e00a4a33c00448c8018857cb3
:100b0000001903002518a3006f00a3a34000438c25
:100b100040190300200063302800428c00110200bd
:100b2000100042302510620080210400251044008e
:100b30007000a2a3030020162510000000a0023cb4
:100b40003c5242907100a2a3deff02247200a2a3d5
:100b50000b0005248623400f6800a42797ff401050
:100b60000f00103c40421026ffff1124962c400f2e
:100b70000000000083ff401000000000ffff10266f
:100b8000faff1116009d043c0c25400f905284245e
:080b900082ff001000a0023cee
:020000040000fa
:020000041d00dd
:100b980078ffbd279400a7af0000a28c6c00b3af0c
:100ba8000400d38c1c00a2af0800a28c6400b1af73
:100bb8006000b0af2000a2af1000a28c8800a4afe4
:100bc8008c00a5af3400a2af0000c28c0400b18c29
:100bd8000c00b08c1800a2af1800a38f25300000bd
:100be8002538000025206000252860028400bfaf5a
:100bf8008000beaf7c00b7af7800b6af7400b5af69
:100c08007000b4af5e1f400f6800b2af0d00400423
:100c18000080023c1c00a28f0400423037004014c0
:100c28002000b28f1c00a28f080042300c00401038
:100c38002400a2af20000224000002a20600001037
:100c4800ffff5226269853002d000224000002a21e
:100c58002000a28fffff5224010002242400a2af2b
:100c68002400a38f211803022c00a3af1800a38f20
:100c78002600601400f0627ef07f033c24004314d9
:100c8800f07f043c9400a28fbfff42241a00422c3c
:100c98001c004010019d053c019d053c80b2a52427
:100ca800f32b400f2c00a48fb22b400f25200002fd
:100cb8001c00a38f2000a78f8800a48f1000a3af6b
:100cc80025280002e521400f253040008400bf8f11
:100cd8008000be8f7c00b78f7800b68f7400b58f08
:100ce8007000b48f6c00b38f6800b28f6400b18f4e
:100cf8006000b08f0800e0038800bd27d3ff001014
:100d08002b000224e6ff001084b2a524f07f043ce7
:100d1800010083242b184300050060509400a28f23
:100d28000c0044141800a28f0a0040109400a28fef
:100d3800bfff42241a00422c04004050019d053c8c
:100d4800019d053cd6ff001088b2a524d4ff0010f1
:100d58008cb2a5241800a38f253000002538000088
:100d680025206000131f400f25286002019d173cb5
:100d7800019d033c3000a3af80b0f58e84b0f68ea1
:100d88001300401425a00000382c400f9400a48fb5
:100d98002014027c2800a2af2800a38fa5012006fa
:100da80067000224570062142800a98f010020520e
:100db80001001124fcff822a030040142a1091022a
:100dc80096014014000000005a0000106500092434
:100dd800019d023c88b04a8c8cb04b8c2530400178
:100de800253860012520a0022528c0023800aaafb6
:100df8009215400f3c00abaf1800a48f2538600255
:100e080025286000253080002520400025f040007e
:100e1800131f400f2800a3af2d00401c2800a38fec
:100e28003800aa8f3c00ab8f0100942625a8c00388
:100e3800eaff001025b06000130040102800a28fc0
:100e4800110040141800a38f3800a68f25286002cf
:100e58002538c0039215400f252060004800a68f52
:100e68005000a78f2520a0022528c0021800a2af95
:100e78009215400f2598600025a840000100022423
:100e880025b060002800a2af4000a68f4400a78fbd
:100e98002520a0029d0c400f2528c00225a840004f
:100ea80025b06000ffff94261800a38f2530a0020c
:100eb8002538c002252060005e1f400f25286002eb
:100ec800ddff4204d4fe822aafff001000000000bc
:100ed800019d023c90b0438c94b05e8c3000a28f90
:100ee8003800a3af4800a3af8cb0438c88b0428cc5
:100ef8002800a0af5000beaf4000a2afeaff00102c
:100f08004400a3af660002240a002215010031261e
:100f1800040081062800a38f80b0f58e84b0f68e79
:100f280025a0000067000224020062106600092460
:100f3800218834021800ac8f2558a0022550c00221
:100f480025b8600225700000253060012538400171
:100f5800252080012528e0025c00a9af5800aeaf2b
:100f68005000abaf5400aaaf9d0c400f4800acaf87
:100f780025204000a321400f252860002528600077
:100f8800252040004400a3afbb26400f4000a2af7d
:100f98004000ac8f4800af8f5400aa8f5000ab8f31
:100fa8004400ad8f25f0e0020080173c2620fe02a9
:100fb80025306001253840012528a0011000afaf79
:100fc8001400a4af252080014800aaaf1305400fe4
:100fd8003800a2af4000a2af25f040003000a28f39
:100fe8005000ab8f4800aa8f88b0468c8cb0478cd5
:100ff80025206001252840019d0c400f26b8e302fa
:101008005800ae8f25584000255060000100ce25bd
:101018004000ac8fccff2e165c00a98f019d023cce
:1010280098b0468c9cb0478c25206001252860002c
:101038009215400f4800a9af2530400025386000c0
:101048002520c0032528e0024000a2af5e1f400f04
:101058004400a3af100040044800a98f4000aa8fa5
:101068004400ab8f2520c00325304001253860019e
:10107800131f400f2528e0024000aa8f4400ab8fc1
:10108800070040144800a98f3800a28f01004230a1
:10109800040040141800a38f2550000025580000b4
:1010a8001800a38f253040012538600125286002eb
:1010b80025206000f20e400f4800a9af25f040003f
:1010c8001800a2af3000a28f2520a0022528c00258
:1010d80088b0468c8cb0478c25b860009215400fbc
:1010e8003800a3af252040002530c0032538e00292
:1010f80025286000259840005e1f400f4000a3afe0
:101108005400401c4800a98f660002240100942660
:10111800520022154000ab8f0100312625b0800215
:101128002400b58f2310d1024000a2af25f00000a3
:10113800258800004000a28f0700561025b8a0029d
:101148008c00a28f1000428cfbff42242b10a202bd
:10115800470040141800a38f070020161c00a28f18
:10116800100042300400401021b817022e0002245b
:101178000100b5260000e2a2212015026500022424
:1011880022002215000080a0030081062518000017
:1011980023a01400010003243400a28ffeff4a2676
:1011a8000a000724ffff4224212802020000a0a011
:1011b8000200052488008016219045018600a01ca5
:1011c8002d0006242b0005240b28c3002518a00099
:1011d80021280202ffffa3a09400a38f4500052445
:1011e800feff4224bfff63241a00632c0b48a300b0
:1011f8002aa8a202212802020000a9a00300a01226
:10120800feff5226f32b400f000000001c00a28fa7
:101218000200032403004230a3fe43140000000030
:10122800a1fe401a00000000b22b400f252000024a
:101238002400a38f2a184300710060102530400253
:101248002c00a48fe92b400f3000052496fe0010d7
:101258002000a0af2598a0022558c00265003639a5
:10126800251080020a101600adff001025b04000be
:101278003800a28f253860012530600225206000e3
:10128800252840005400a9af9d0c400f5000abaf7b
:1012980025204000a321400f25286000252040007c
:1012a800252860004c00a3afbb26400f4800a2af22
:1012b8000a004428090003240a1064001c00a38fb4
:1012c8004800ae8f4c00af8f1000633025186200c5
:1012d8005000ab8f0c0060145400a98f2800a48f15
:1012e8006700032408008314000000001d00c006e6
:1012f8000100d7272518a0022120150225b8c00310
:101308000e00001030000524fbff20162518a0024f
:10131800faffc3062120150221b817022e00032464
:101328000100b526ffff52260000e3a2f1ff0010de
:1013380001001124fffff72601008424fdffe05679
:10134800000085a0ffff52260100b52621180302e0
:1013580023905e0221a8be023000422421f07e00c4
:101368000000c2a33800a28f1800a58f00801e3c81
:101378002620c20325306002253860011000a5af81
:101388001400a4af2528e0012520c0015000a9af12
:101398001305400f4800abaf1800a2af2610c303d7
:1013a8003800a2af3000a28f4800ab8f2520600222
:1013b80088b0468c8cb0478c252860019d0c400f66
:1013c800ffffd626259840002558600025f0e0024a
:1013d80058ff00105000a98f1a008702f401e0009e
:1013e800ffff422421580202ffffa524103000000d
:1013f8003000c624000066a16eff001012a0000095
:1014080021180202000064802118420221180302f8
:10141800000064a086ff0010ffff4224c1fe810681
:101428002800a38fb7fe00106600092461fe001093
:10143800060011245ffe621006001124b1fe0010a0
:0414480025486000d3
:020000040000fa
:020000041d00dd
:10144c0078ffbd278800a4af9000a6af9400a7af8b
:10145c00253080002538a0003000a4278400bfafc1
:10146c008c00a5af8000beaf6c00b3af6800b2af0c
:10147c009c00b38f9800b28f7c00b7af7800b6afea
:10148c007400b5af7000b4af6400b1af6025400f0d
:10149c006000b0af9000a68f9400a78f6025400f1e
:1014ac002000a42725304002253860026025400f1b
:1014bc001000a4273800be8fcb03c22b06004010af
:1014cc009000a68f2800af8fcb03e2290e004014aa
:1014dc001800a68f9000a68f9400a78f8800a48f69
:1014ec009215400f8c00a58f2530400025386000e8
:1014fc0025204002f20e400f252860022590400066
:10150c000600001025986000cb03c228110040147f
:10151c00cb030224f0ffc2149000a68f8400bf8f6f
:10152c0025104002251860028000be8f7c00b78f0a
:10153c007800b68f7400b58f7000b48f6c00b38fc9
:10154c006800b28f6400b18f6000b08f0800e003b8
:10155c008800bd273000a28f2000ac8f2400a48f00
:10156c003400b88f19004c0021f0cf032388de0023
:10157c00104800004400a9af124000004000a8af82
:10158c004000a98f19004400121000001018000030
:10159c0019000c031260000021704c002b28c201b2
:1015ac00106800004400a28f21686d00190004032c
:1015bc004400a38f2170c2012128ad002b20c30150
:1015cc0012c00000212805032b10b8002120a40014
:1015dc0010c80000211059002b28850025808000a0
:1015ec00ad00201a21b0a2004000222a1000af8fbb
:1015fc00790040101400b78f2520e0012528e00267
:10160c00253020025400aeaf5000a9af622b400f22
:10161c004c00afaf4c00af8f400006242528e002f1
:10162c002520e0012330d1004800a2af532b400ffe
:10163c004000a3af4000b88f4800a78f5000a98f7f
:10164c005400ae8f2578400025b860002c00a28f86
:10165c003c00b18f268822021c00a28fb9005114c5
:10166c002150e9002b90470121700e0321a04e025e
:10167c002b10980225a840010600401401000624f6
:10168c00030014172b3847010300e0142158f00114
:10169c00253000002158f0012b786f012110f60243
:1016ac002158cb002110e2012b30660121c8c20069
:1016bc0025206001252820034800abaf2829400fc6
:1016cc004000b9afffff5324400006242330d30061
:1016dc002520a002532b400f252880024800ab8ff9
:1016ec004000b98f25306002252060012528200399
:1016fc0025804000622b400f259060002530600251
:10170c002520a0022528800225800202622b400f92
:10171c0025904302251043002b1002004000de27c9
:10172c0025800202252000020500201225284002f7
:10173c00232010002b100400232812002328a200c1
:10174c000f19400f23f0d30325b04000c4fbc22b6c
:10175c00fc00401025b86000c3fb0224ff00c21738
:10176c0080251000b8002012019d023ca8b0548cba
:10177c00acb0558c2530c0022538e0022520800203
:10178c00131f400f2528a002b3004014019d023cfa
:10179c00b0b0468cb4b0478c2520c0029215400fd7
:1017ac002528e002252860002522400f2520400036
:1017bc00e124400f25204000019d043cb8b0868cec
:1017cc00bcb0878c252860009215400f2520400066
:1017dc004bff001025904000c0ff3126c0ffde24d7
:1017ec002538000099ff201225c000004000222a55
:1017fc004c0040104000a48f40000b242358710172
:10180c00253060012528c0015800b8af5400a7af9f
:10181c005000afaf4c00abaf622b400f4800aeafe7
:10182c004800ae8f4000a48f251043002528c0012e
:10183c0025302002532b400f2ba802004c00ab8ffd
:10184c00252000022528c0022530600125a060005b
:10185c00622b400f25a8a2022548a2022570830204
:10186c00252000022528c002253020024800a9afff
:10187c00532b400f4000aeaf2580400025b06000d8
:10188c004000ae8f4800a98f5000af8f5400a78f37
:10189c006eff00105800b88f2388c6030500201671
:1018ac001000a78f1400b88f2578000067ff001078
:1018bc0025b800004000222a1f0040101000aa8ffb
:1018cc001400ab8f40000624252040012528600120
:1018dc002330d1004c00aeaf4800a9af4000aaaff6
:1018ec00622b400f4400abaf4000aa8f4400ab8f7b
:1018fc0025104300253020022520400125286001b9
:10190c00532b400f2ba002002538820225c060000b
:10191c002578000025b800004800a98f4bff001067
:10192c004c00ae8f010009242570000025800000ba
:10193c0046ff001025b0000001000724daff00105c
:10194c0025c00000235027012b182a012340d80161
:10195c0023a003012b10d40125a8400101001f2452
:10196c00060040142530000004008e5625f80000b7
:10197c000300601423180f0225f8000023180f022f
:10198c002bc803022310d7022310590023587f00c1
:10199c002b186b002310460023c8430013002107ab
:1019ac002350e9002b38ea0023400e032320f001da
:1019bc0023a007012b78e4012310f60225585401cb
:1019cc0021f89f0023104f002b580b002b20e40311
:1019dc00211046002358eb03211082002bf8eb0357
:1019ec0025a8400123c85f000100312e2510790184
:1019fc002fff40142510b402b6fe40102520a00283
:101a0c002829400f25288002ffff53240700610678
:101a1c00c017140042801500258050000100aa3226
:101a2c0025800a023fff001042901400253060020e
:101a3c002520a002622b400f252880022580400023
:101a4c0038ff001025906000019d023ca0b0548c22
:101a5c0048ff0010a4b0558c401510003900401000
:101a6c00c01712004220100025204400422812000a
:101a7c00010010320040023c25209000050020128d
:101a8c0025284500232004002b10040023280500e2
:101a9c002328a2000f19400f000000002530400041
:101aac002538600025204000f20e400f25286000ec
:101abc0025204000253080022538a002f00e400f72
:101acc002528600025804000019d023cb8b0468c62
:101adc00bcb0478c25200002252860009215400fd1
:101aec002588600025304000253860002520400006
:101afc009215400f25286000253000022538200261
:101b0c00252000022528200225904000f00e400fd1
:101b1c0025986000253040002538600025204002c3
:101b2c009215400f25286002252040002530000228
:101b3c0025382002f20e400f2528600025b0400009
:101b4c0025b860002530c0032520c002a422400f18
:101b5c002528e0026afe0010259040008015120036
:101b6c0082821000258050002b200400252090003c
:101b7c0025284002821504000448057c25284500d0
:101b8c000500201280220400232004002b100400e6
:101b9c00232805002328a2000f19400f0000000085
:081bac00e7ff001025b0400026
:020000040000fa
:020000041d00dd
:101bb40088fcbd277403bfaf5000062400a0053c79
:101bc400a051a52400a0043c7f2b400ff051842495
:101bd400960040107403bf8f009d043c0c25400ff9
:101be400745984240803a0af0c03a0af1003a0af62
:101bf4001403a0af1803a0af1c03a0af00a0023cc5
:101c0400f051428cbc02a2a300a0033cf451638cab
:101c1400c002a3abbd02a3bb00a0033cf851638c7c
:101c2400c402a3abc102a3bb00a0033cfc51638c60
:101c3400c802a3abc502a3bb00a0033c0052638c43
:101c4400cc02a3abc902a3bb00a0033c0452638c27
:101c5400d002a3abcd02a3bb00a0033c0852638c0b
:101c6400d402a3abd102a3bb00a0033c0c52638cef
:101c7400d802a3abd502a3bb00a0033c1052638cd3
:101c8400dc02a3abd902a3bb00a0033c1452638cb7
:101c9400e002a3abdd02a3bb00a0033c1852638c9b
:101ca400e402a3abe102a3bb00a0033c1c52638c7f
:101cb400e802a3abe502a3bb00a0033c2052638c63
:101cc400ec02a3abe902a3bb00a0033c2452638c47
:101cd400f002a3abed02a3bb00a0033c2852638c2b
:101ce400f402a3abf102a3bb00a0033c2c52638c0f
:101cf400f802a3abf502a3bb00a0033c3052638cf3
:101d0400fc02a3abf902a3bb00a0033c3452638cd6
:101d14000003a3abfd02a3bb00a0033c3852638cb9
:101d24000403a3ab0103a3bb00a0033c3c52638c9c
:101d34000803a3ab0503a3bb010003243d00431424
:101d440000a0023cf05142244800438c5000a3af51
:101d54004400438c4c00a3af4000438c4800a3af25
:101d64003c00438c4400a3af3800438c4000a3af35
:101d74003400438c3c00a3af3000438c3800a3af45
:101d84002c00438c3400a3af2800438c3000a3af55
:101d94002400438c2c00a3af2000438c2800a3af65
:101da4001c00438c2400a3af1800438c2000a3af75
:101db4001400438c1c00a3af1000438c1800a3af85
:101dc4000c00438c1400a3af0800438c1000a3af95
:101dd4000400478c009d063ca059c624000105243c
:101de400072c400f5801a4270c25400f5801a427a5
:101df40000a0023cf051428c010042384c00062401
:101e0400500003240b306200bc02a527d41b400ff2
:101e14002520000034004054009d043c009d043cf7
:101e24000c25400f9c5a84247403bf8f0800e003e0
:101e34007803bd27f05142244c00438c5400a3afd7
:101e44004800438c5000a3af4400438c4c00a3af24
:101e54004000438c4800a3af3c00438c4400a3af34
:101e64003800438c4000a3af3400438c3c00a3af44
:101e74003000438c3800a3af2c00438c3400a3af54
:101e84002800438c3000a3af2400438c2c00a3af64
:101e94002000438c2800a3af1c00438c2400a3af74
:101ea4001800438c2000a3af1400438c1c00a3af84
:101eb4001000438c1800a3af0c00438c1400a3af94
:101ec4000800438c1000a3af0400478c009d063c1f
:101ed4001c5ac62400010524072c400f5801a427ce
:101ee400c1ff0010000000000c25400fc05a8424dc
:101ef40000a0023cf051428c010042384c00062400
:101f0400500003240b3062005802a527431d400fe4
:101f140025200000ba004010009d043c5802a39301
:101f24005c02a28b5902a29b6803a2af6002a28b3f
:101f34005d02a29b6403a2af6402a28b6102a29b16
:101f44006003a2af6802a28b6502a29b5c03a2afee
:101f54006c02a28b6902a29b5803a2af7002a28bef
:101f64006d02a29b5403a2af7402a28b7102a29bc6
:101f74005003a2af7802a28b7502a29b4c03a2afbe
:101f84007c02a28b7902a29b4803a2af8002a28b9f
:101f94007d02a29b4403a2af8402a28b8102a29b76
:101fa4004003a2af8802a28b8502a29b3c03a2af8e
:101fb4008c02a28b8902a29b3803a2af9002a28b4f
:101fc4008d02a29b3403a2af9402a28b9102a29b26
:101fd4003003a2af9802a28b9502a29b2c03a2af5e
:101fe4009c02a28b9902a29b2803a2afa002a28bff
:101ff4009d02a29b2403a2afa402a28ba102a29bd6
:102004002003a2af010002244d0062142403a28f16
:102014005000a2af2803a28f4c00a2af2c03a28fc2
:102024004800a2af3003a28f4400a2af3403a28fb2
:102034004000a2af3803a28f3c00a2af3c03a28fa2
:102044003800a2af4003a28f3400a2af4403a28f92
:102054003000a2af4803a28f2c00a2af4c03a28f82
:102064002800a2af5003a28f2400a2af5403a28f72
:102074002000a2af5803a28f1c00a2af5c03a28f62
:102084001800a2af6003a28f1400a2af6403a28f52
:102094001000a2af6803a78f009d063cd45ac62443
:1020a40000010524072c400f5800a4270c25400fdd
:1020b4005800a42700a0023cf051428c0100423891
:1020c4004c000624500003240b3062005802a5275c
:1020d4007f2b400fbc02a42745004054009d043cc4
:1020e400009d043c0c25400fd45b842400a0023cda
:1020f400f051422400a0033ca05163245000442426
:102104000000488c0400478c0800468c0c00458c69
:10211400000068ac040067ac080066ac0c0065ac59
:1021240010004224f6ff441410006324009d043c74
:102134000c25400f585c84243cff00107403bf8faf
:102144002003a28f5400a2af2403a28f5000a2af99
:102154002803a28f4c00a2af2c03a28f4800a2af89
:102164003003a28f4400a2af3403a28f4000a2af79
:102174003803a28f3c00a2af3c03a28f3800a2af69
:102184004003a28f3400a2af4403a28f3000a2af59
:102194004803a28f2c00a2af4c03a28f2800a2af49
:1021a4005003a28f2400a2af5403a28f2000a2af39
:1021b4005803a28f1c00a2af5c03a28f1800a2af29
:1021c4006003a28f1400a2af6403a28f1000a2af19
:1021d4006803a78f009d063c505bc62400010524bc
:1021e400072c400f5800a427b0ff00100000000087
:1021f4000c25400ffc5b8424bdff001000a0023cb2
:102204000c25400f305c8424b9ff001000a0023c70
:020000040000fa
:020000041d00dd
:1022140018ffbd27dc00b4afd800b3afd400b2af11
:10222400d000b1afe400bfafe000b5afcc00b0afb9
:10223400259080002588c000b800a5af259800002f
:10224400019d143cb800a58f0000a280e40040105a
:10225400ffff02249c00a2af1800a227a400a2af93
:10226400800002249800a0afa000a0afa800a2aff5
:1022740025800000250003242110b00000004280c6
:102284000300401000000000fbff4354010010262f
:102294000600001225300002aa29400f2520400222
:1022a400b800a28f21105000b800a2afb800b58fbb
:1022b400250002240000a382c20062140100b52696
:1022c400b800b5af2b0005242d00062430000324ec
:1022d4002000072423000824b800a48f0000828073
:1022e4001b0045509800a28f2c0049281e00201185
:1022f40000000000180047509800a28f18004850b2
:102304009800a28f2a0003241e0043500000228e4e
:102314002628400f00000000a000a2afb800a38f41
:1023240000006280d0ff42240a00422c21004010a9
:1023340001006324f9ff0010b800a3af0100423488
:10234400010084249800a2afe3ff0010b800a4affa
:10235400fbff001004004234f9ff0010080042346f
:10236400f7ff001010004234f4ff46509800a28f8b
:10237400e5ff43542a0003249800a28ff0ff0010c5
:102384000200423401008424b800a4af04004324b2
:102394000000428c000023ae06004104a000a2af5e
:1023a4009800a38f23100200a000a2af010063389d
:1023b4009800a3af9800a28f010043300200601080
:1023c4004408027c9800a2afb800a28f2e00032418
:1023d400000044800d008314010044249c00a0af3d
:1023e400b800a4af010045802a0003242300a314ed
:1023f40002004224b800a2af0000228e040043244d
:102404000000428c000023ae9c00a2af1c2a400fa7
:10241400b800a427c000a2afb800a28f382c400f88
:10242400000044806900032477004310c000a58f96
:102434006a0043282f00601063000324be00431089
:10244400640043281800601025000324cb004310c7
:10245400610003244f00435025302002ffff022473
:10246400b800b5af9800a0afa000a0af9c00a2af89
:102474001000a0afc9000010253800002628400f26
:10248400000000009c00a2afb800a38f000062808f
:10249400d0ff42240a00422cdcff401001006324d8
:1024a400f9ff0010b800a3af6400032456004310e2
:1024b40068004228eaff4010ffff02242530200272
:1024c400982a400fb000a42797004010b800a28fac
:1024d400b000a6279800a52701004324b800a3afa5
:1024e40000004780e602400f25204002350000101e
:1024f40021800202700003246e00431071004328ff
:10250400130060106e000324830043106f00032443
:10251400d3ff4314ffff0224253820022530000096
:10252400361c400fb000a4277f004010b800a28fd3
:10253400b000a6279800a5270100422425204002c8
:10254400b22c400fb800a2af1e000010218002027e
:10255400750003243a004310780003244600431016
:1025640073000324bdff4314800002246e00a214f0
:10257400b800a28f2538000001004224b800a2afa1
:102584000000228e04004324000023ae76000010d5
:102594000000468c982a400fb000a4276200401027
:1025a400b800a28fb000a6279800a52701004324f5
:1025b400b800a3af00004780b42c400f2520400290
:1025c40021800202218070022a981302770060128f
:1025d40000a0023c4f0003240c5343acffff132420
:1025e400e400bf8f25106002e000b58fdc00b48fdb
:1025f400d800b38fd400b28fd000b18fcc00b08f8d
:102604000800e003e800bd27253820020100062465
:10261400361c400fb000a42743004010b800a28f1e
:10262400b000a6279800a5270100422425204002d7
:10263400ef1c400fb800a2afe2ff0010218002029d
:102644002538200225300000361c400fb000a42796
:1026540035004010b800a28fb000a6279800a52727
:1026640001004224252040025824400fb800a2afa4
:10267400d4ff0010218002022538200225300000fa
:10268400361c400fb000a42727004010b800a28fca
:1026940001004324b800a3af00004780b000a62780
:1026a4009800a5279019400f25204002c5ff00106f
:1026b400218002022538200225300000f000052484
:1026c400361c400fb000a42717004010b800a28f9a
:1026d400b400a38f01004224b800a2afb000a28fbf
:1026e40025104300edff401478000724b22b400f5f
:1026f400acb284269800a38fa000a78f2530400099
:102704001000a3afacb28526e521400f252040027e
:10271400acff001021800202253820022130700213
:10272400e022400fb000a427b800a28f0100422489
:10273400a4ff0010b800a2af80000224faffa21484
:10274400b800a28f01000724b000a627010042248c
:10275400b800a2af0000228e040043240000428c83
:10276400000023aeb000a2a39800a527b325400f14
:102774002520400293ff00102180020280000224e1
:10278400e9ffa214b800a28fa000a78f0100422481
:10279400b800a2af9800a28f1000a2af019d053c23
:1027a40001000624d8ff0010b4b2a524a5fe001031
:0427b4002598000262
:020000040000fa
:020000041d00dd
:1027b80088bf023c00100324441043ac00a0023c34
:1027c800405242242400428c0a00432c1c00601012
:1027d80080180200009d023cf42742242110430087
:1027e8000000428c08004000000000001c28009dea
:1027f8005028009df828009d9029009df029009df3
:102808005c2a009d802b009de02b009d6c2c009d78
:10281800c82c009d0100032480bf023c085043ac33
:1028280088bf023c00100424781044ac000404243f
:10283800781044ac00a0023c40524224240043ac2f
:102848000800e0030000000080bf023c1050428cea
:1028580001004230faff401400a0023c405242946a
:10286800ffff42308000422c0c00401400a0033cc3
:10287800405263240100629040100200fe00423082
:10288800f000423480bf043c505082ac0200022465
:10289800240062ac0800e0030000000000a0043c33
:1028a800405283242000658c4052829440100200dc
:1028b8002510450080bf043c505082ac2000628c3b
:1028c800050040142510600005000324240043acd3
:1028d8000800e0030000000000a0023c405242242f
:1028e80006000324240043ac0800e00300000000b5
:1028f80080bf023c1050428c0080423017004014c8
:1029080080bf023c1050428c01004230ccff401482
:1029180000a0023c40524394ffff633080bf043c58
:10292800505083ac405242242000428c0600401490
:1029380000a0023c4052422405000324240043ac7a
:102948000800e00300000000405242240300032472
:10295800240043ac0800e0030000000000a0023c93
:102968004052422401000324280043ac80bf033caa
:1029780004000424085064ac09000324240043ac78
:102988000800e0030000000080bf023c1050428ca9
:10299800008042300900401480bf023c020003243a
:1029a800085043ac00a0023c4052422404000324d7
:1029b800240043ac0800e0030000000000a0023c33
:1029c8004052422401000324280043ac80bf033c4a
:1029d80004000424085064ac09000324240043ac18
:1029e8000800e0030000000080bf023c1050428c49
:1029f800010042300c00401400a0033c4052632404
:102a08000100629040100200fe004230f1004234a2
:102a180080bf043c505082ac06000224240062ac03
:102a28000800e0030000000000a0023c40524224dd
:102a380001000324280043ac80bf033c04000424a5
:102a4800085064ac09000324240043ac0800e003e8
:102a58000000000080bf023c1050428c00804230d1
:102a68003b00401400a0023c405242241400448c15
:102a78000c00428c2b1082001100401080bf023cd9
:102a88001050428c010042306dff401400a0023cff
:102a9800405242240400438c2118640000006390d3
:102aa800ff00633080bf043c505083ac1400438c5b
:102ab80001006324140043ac0800e0030000000098
:102ac80000a0023c405242241000438c1800428c63
:102ad8002b1043001600401080bf023c0200032464
:102ae800085043ac00a0023c405243240100042497
:102af800200064ac40524294ffff42308000422cd8
:102b0800050040142510600004000324240043ac91
:102b18000800e0030000000000a0023c40524224ec
:102b280001000324240043ac0800e0030000000077
:102b380004000324085043ac00a0023c4052422445
:102b480009000324240043ac0800e003000000004f
:102b58004052422401000324280043ac80bf033cb8
:102b680004000424085064ac09000324240043ac86
:102b78000800e0030000000080bf023c1050428cb7
:102b8800008042300900401480bf023c0800032442
:102b9800085043ac00a0023c4052422407000324e2
:102ba800240043ac0800e0030000000000a0023c41
:102bb8004052422401000324280043ac80bf033c58
:102bc80004000424085064ac09000324240043ac26
:102bd8000800e0030000000080bf023c1050428c57
:102be8000200423016ff401000a0033c405263240c
:102bf8001800628c80bf043c6050858cff00a530b3
:102c08000800648c21208200000085a00100422475
:102c18001000638c0c0062142000042480bf033c65
:102c2800085064ac10000424085064ac00a0033cb5
:102c380040526324180062ac08000224240062aced
:102c48000800e0030000000080bf033c045064acaf
:102c580080bf033c10000424085064acf4ff00104b
:102c680000a0033c00a0023c405242241000438cc8
:102c78001800428c2b1043000900401080bf023c12
:102c880008000324085043ac00a0023c40524224f0
:102c980007000324240043ac0800e0030000000000
:102ca80004000324085043ac00a0023c40524224d4
:102cb80009000324240043ac0800e00300000000de
:102cc80000a0023c405242240a000324240043ace2
:102cd80088bf033c00100424741064ac000404246e
:102ce800741064ac34004390ff0063302c00428cb5
:102cf8000d00401000000000d1fe601400a0023c4e
:102d0800e8ffbd271400bfaf405242243000448c76
:102d18002c00428c09f84000000000001400bf8f0e
:102d28000800e0031800bd270800e00300000000c9
:020000040000fa
:020000041d00dd
:102d380058febd27a401bfafa001b3af9c01b2af3d
:102d48009801b1af9401b0af14808293ff00423074
:102d58000700401401000224148082a3912c400f24
:102d6800000000000900401425984000148080a34a
:102d7800a401bf8fa001b38f9c01b28f9801b18fbe
:102d88009401b08f0800e003a801bd27582c400f1c
:102d9800000000001900401025384000009d063c46
:102da8004068c62440000524072c400f5000a42783
:102db8000c25400f5000a427f42a400f00a0103c17
:102dc800200010260020062425280000e92b400fab
:102dd80025200002002005249726400f2520000208
:102de80001000224108082a3208080af248080a369
:102df800148080a3dfff0010a401bf8f00a0113c46
:102e0800200031262198710200a0103c2040102695
:102e180010808293fc00401400003292be2b400fb9
:102e2800000000001880838f231843008913632c47
:102e3800ec006014158082931000a2af2080878f69
:102e4800009d063c5468c62440000524072c400f0a
:102e58005000a4270c25400f5000a427010002248d
:102e6800108082a3208080af248080a3f42a400fa2
:102e780000a0103c20001026002006242528000071
:102e8800e92b400f25200002002005249726400f3b
:102e980025200002148080a3b6ff0010a401bf8f74
:102ea800158092a301000224e0000010208082af68
:102eb80001100224dd006214de00022466004216be
:102ec80001000224248082a3108082a315808793a6
:102ed800009d063c8468c62440000524072c400f4a
:102ee8005001a4270c25400f5001a42700100724e7
:102ef800009d063cb068c62400010524072c400f3d
:102f08005000a4270c25400f5000a427009d043c26
:102f18000c25400ff068842400a0103c20401026a7
:102f280000101326009d123c009d113c00000792e2
:102f38000100039202000492030005920400069225
:102f4800050008920600099207000a9208000b92f1
:102f580009000c920a000d920b000e920c000f92c1
:102f68000d0018920e0019920f001f9210001026e3
:102f780083001316009d023cfc6942244c00a2af5a
:102f88004800bfaf4400b9af4000b8af3c00afaf96
:102f98003800aeaf3400adaf3000acaf2c00abaff3
:102fa8002800aaaf2400a9af2000a8af1c00a6af34
:102fb8001800a5af1400a4af1000a3af009d063cf5
:102fc800a469c62400010524072c400f5000a4273b
:102fd8000c25400f5000a427009d043c0c25400ff1
:102fe800006a842400a0033c204062240700449027
:102ff8002800a4af060044902400a4af0500449024
:103008002000a4af040044901c00a4af0300449027
:103018001800a4af020044901400a4af010042902d
:103028001000a2af20406790009d063c046ac624a9
:1030380000010524072c400f5000a4270c25400f41
:103048005000a427be2b400f000000001c8082af58
:103058003e00001000000000158082931000a2af0f
:1030680025384002009d063cf468c624000105246a
:10307800072c400f5000a4270c25400f5000a42710
:10308800009d043c0c25400f3469842400a0103caa
:103098002040102600101226009d113c5069312650
:1030a8000f0002924800a2af0e0002924400a2afa5
:1030b8000d0002924000a2af0c0002923c00a2afa9
:1030c8000b0002923800a2af0a0002923400a2afad
:1030d800090002923000a2af080002922c00a2afb1
:1030e800070002922800a2af060002922400a2afb5
:1030f800050002922000a2af040002921c00a2afb9
:10310800030002921800a2af020002921400a2afbc
:10311800010002921000a2af0000079225302002a1
:1031280000010524072c400f5000a4270c25400f50
:103138005000a42710001026d9ff121601000224ff
:10314800108082a3208080af248080a3f42a400fbf
:1031580000a0103c2000102600200624252800008e
:10316800e92b400f25200002002005249726400f58
:1031780025200002148080a3fefe0010a401bf8f4a
:10318800346a42264c00a2af4800bfaf4400b9af32
:103198004000b8af3c00afaf3800aeaf3400adafc1
:1031a8003000acaf2c00abaf2800aaaf2400a9af09
:1031b8002000a8af1c00a6af1800a5af1400a4af4c
:1031c8001000a3afa469262600010524072c400f90
:1031d8005000a4270c25400f5000a42754ff0010ce
:1031e800000007922080838f2dff60100110622c51
:1031f8002fff401021107000ffff52a00100632430
:103208000a000010208083afda000224080042562a
:1032180001003126108080a3208080af248080a305
:10322800be2b400f00000000188082af010031263d
:10323800f8fe331610808293f42a400f00a0103c49
:10324800200010260020062425280000e92b400f26
:1032580025200002002005249726400f2520000283
:0c326800148080a3c3fe0010a401bf8fdf
:020000040000fa
:020000041d00dd
:103274004050050042550a00c04a0500427d040042
:1032840025482f01c042040000800e3c25482e0131
:1032940040680700426d0d00c0620700427d0600d1
:1032a40025608f01c05a060025608e012628a700dc
:1032b4002428ae00ffff4f25fe07e12dcb00201090
:1032c40000000000ffffaf25fe07e12df4002010f1
:1032d4000000000023504d01ff034a25424008002e
:1032e400c07f090025400f0142480900023c0c0040
:1032f400f401e0001b0027011270000010480000d8
:10330400ffff86311900ce0012200000004c090096
:10331400027c080025482f012b7824010600e011c7
:1033240023482401ffffce2521482c012b082c0122
:10333400fcff201000000000f401e0001b00270146
:1033440012380000104800001900c70012200000c5
:10335400004c0900ffff0f3125482f012b78240171
:103364000600e01123482401ffffe72421482c0133
:103374002b082c01fcff20100000000000740e003c
:103384002170c7011900cb01123800001020000081
:10339400000008242b780701234007012b102f017c
:1033a40023482f012b7824012578e2010b00e0113a
:1033b40023482401ffffce2521400b012b780b016c
:1033c40021482c0121482f0102002c11000000008b
:1033d4002b782c01f7ffe0110000000006002c15eb
:1033e4000000000025200b002548080000000d24e3
:1033f4002a00001025380d00023c0c00f401e00006
:103404001b0027011268000010480000ffff8631ee
:103414001900cd0012200000004c0900027c0800b5
:1034240025482f012b7824010600e01123482401ac
:10343400ffffad2521482c012b082c01fcff201097
:1034440000000000f401e0001b0027011238000016
:10345400104800001900c70012200000004c0900a9
:10346400ffff0f3125482f012b7824010600e011be
:1034740023482401ffffe72421482c012b082c01b9
:10348400fcff201000000000006c0d002168a70163
:103494001900ab01123800001020000000000824bd
:1034a4002b780701234007012b102f0123482f01fc
:1034b4002b7824012578e2010b00e0112348240134
:1034c400ffffad2521400b012b780b0121482c0176
:1034d40021482f0102002c11000000002b782c0140
:1034e400f7ffe011000000000600c0050000000026
:1034f4002a78a0012168ad012170ce012170cf018d
:10350400ffff4a25257828010200e0110000000091
:103514000100ad3525480e0025400d00ffff4f2565
:10352400fe07e12d1500201000000000000408250e
:1035340000040f2d21482f012b782f0121504f011a
:10354400c27a08000100ef3123400f01c2220800b3
:10355400407d090025208f0040780900027b0f0080
:103564002528af00007d0a002528af00251004009f
:10357400251805000800e003000000004400401d79
:103584000000000001000e242370ca012000c12d98
:103594000700201400000000e0ffce212b200800cb
:1035a4000d00091025402401f8ff00100000093423
:1035b4000900c0110000000022300e000420c800e1
:1035c4000430c9000640c8010648c9010200801041
:1035d4002540c800020008350004082500040f2d0a
:1035e40021482f01d6ff0010c25709002a78000194
:1035f40021400801214829011700401521482f01c5
:10360400257828011400e0110000000008002015ae
:1036140000000000030000150000000029ff001056
:1036240000000a242548000100000824e0ff4a2580
:1036340020702e7123ffc0110000000023504e01a2
:1036440022300e000630c8000440c8010448c901f5
:103654001cff00102548260105004d150000000040
:1036640040780c002578eb012b00e01100000000ed
:10367400ff0701240a00a11100000000bbff401154
:1036840000000000257828012300e0150000000058
:10369400f07f013c2528a100b4ff001000000424a1
:1036a4002a78600121586b0121608c011700a01554
:1036b40021608f0125788b01f5ffe01100000000e7
:1036c40008008015000000000300601500000000e1
:1036d40000ff001000000d242560600100000b2491
:1036e400e0ffad2520708e71fafec01100000000cd
:1036f4002368ae0122300e000630cb000458cb0103
:103704000460cc01f3fe00102560860125788b014e
:103714000200e01100000000f8ff053c93ff0010d8
:08372400000004240000000075
:020000040000fa
:020000041d00dd
:10372c0054696d6572313a20496e697469616c69ce
:10373c007a656420666f722031206d732074696322
:10374c006b7300004572726f723a205541525431be
:10375c002053657269616c5365747570206661697c
:10376c006c65640050494333324d58323530463124
:10377c003238443a2053797374656d20696e6974dc
:10378c0069616c697a65642077697468204d43506f
:10379c00323230302055534220496e746572666166
:1037ac0063650000554152543120696e697469613a
:1037bc006c697a656420666f722075736572206916
:1037cc006e7465726661636520766961204d435045
:1037dc0032323030000000004572726f723a205560
:1037ec00415254322053657269616c536574757023
:1037fc00206661696c65640055415254323a204927
:10380c006e697469616c697a656420666f722046b2
:10381c0050474120636f6d6d756e69636174696f9c
:10382c006e2028545820616e6420525829000000e4
:10383c00493243313a20496e697469616c697a6521
:10384c006420666f72204d4350343732352044412a
:10385c0043000000535049313a20496e6974696144
:10386c006c697a656420666f7220454550524f4de5
:10387c002028324d487a2c204d6f64652031290068
:10388c004d435034373235204441433a204465741b
:10389c00656374656420616e6420696e6974696126
:1038ac006c697a656420746f2030560054657374ab
:1038bc00696e6720454550524f4d206174206164fc
:1038cc006472657373203078313030302e2e2e00b8
:1038dc00454550524f4d205465737420577269748e
:1038ec00653a2030783535203078353520307835cc
:1038fc0035203078353520617420307831303030d7
:10390c0000000000454550524f4d20546573742003
:10391c005772697465204661696c6564000000002b
:10392c00454550524f4d2054657374205265616467
:10393c003a20253032582025303258202530325844
:10394c002025303258000000454550524f4d3a204a
:10395c005465737420706173736564202d207265d7
:10396c0061642f777269746520776f726b696e670b
:10397c0020636f72726563746c7900004545505218
:10398c004f4d3a2054657374206661696c656420f0
:10399c002d2064617461206d69736d6174636800be
:1039ac00454550524f4d20546573742052656164e7
:1039bc00204661696c6564004661696c65642074bd
:1039cc006f20696e697469616c697a65204d43502a
:1039dc00323230302c2068616c74696e672e2e2e5a
:1039ec000000000055534220436f6d6d756e696386
:1039fc006174696f6e20766961204d4350323230ac
:103a0c00302045737461626c6973686564000000f2
:103a1c00456e7465723a204d4f44452c54494d45c2
:103a2c002c434f554e54532c53544152542c454e09
:103a3c00442c43482c4c4c442c554c442c43472c84
:103a4c0046472c504f4c2c5448522c524953452c21
:103a5c00464c41542c505a2c424c522c5055522c02
:103a6c00485628302d3130303056292c48564f4e80
:103a7c00205b4d43413a4457454c4c5d00000000df
:103a8c00436f6d6d616e64733a2053544152542ce4
:103a9c002053544f502c2052455345542c204c4ffe
:103aac0041442c20494e464f00000000536574746d
:103abc00696e6773206175746f2d73617665207400
:103acc006f20454550524f4d206f6e206368616edc
:103adc0067652e2055736520274c4f414427207471
:103aec006f20726573746f72652070726576696f82
:103afc0075732073657474696e67732e0000000013
:103b0c00537065637472756d206461746120283420
:103b1c0030393620627974657329207072696e743d
:103b2c006564207768656e20636f6d706c65746575
:103b3c00207061636b65742072656365697665647a
:103b4c00202830784441202e2e2e203078444529d0
:103b5c002e00000055415254313a20576169746966
:103b6c006e6720666f7220696e707574206f766553
:103b7c0072205553422e2e2e0000000055415254f7
:103b8c00313a2044617461206465746563746564c2
:103b9c0020776974686f75742063616c6c62616303
:103bac006b2c20666f7263696e672070726f636531
:043bbc00737300001f
:020000040000fa
:020000041d00dd
:103bc0000080013c2638e10040580500425d0b00b2
:103bd000c0520500427d040025504f01c04a040038
:103be0000080083c255048014070070042750e00d7
:103bf000c06a0700427d06002568af01c06206006a
:103c00002568a801ffff6f25fe07e12d8d0020101c
:103c100000000000ffffcf25fe07e12dbb002010b4
:103c2000000000000080013c2428a10023406e0118
:103c30002c00001100000000150000190000000019
:103c40002000012d0700201400000000e0ff0821e3
:103c50002b300c0023000d102560a601f8ff00108a
:103c600000000d341f000011000000002220080099
:103c700004308c0004208d0006600c0106680d01e4
:103c80001800c01025608c001600001002008c3552
:103c900025580e00234008002000012d07002014a5
:103ca00000000000e0ff08212b3009000d000a1081
:103cb00025484601f8ff001000000a3409000011f1
:103cc00000000000222008000430890004208a003f
:103cd0000648090106500a010200c0102548890063
:103ce000020029352678a7001c00e005000000002e
:103cf00021482c012b782c0121504d0121504f01de
:103d000002004d11000000002b784d013700e0113a
:103d10000000000001002f310200e011000000004f
:103d20000200293542480900c07f0a0025482f01ba
:103d300042500a000080013c2550410101006b25e2
:103d4000ff0701242900611500000000f07f013cfd
:103d50002528a10037000010000004242b782c0136
:103d600023482c012b104f0123504f012b784d017c
:103d70002578e2010700e01123504d010080013c4d
:103d80002628a1002b7809002348090023500a00a7
:103d900023504f01080040150000000003002015cb
:103da000000000000d00001000000b242550200131
:103db00000000924e0ff6b25204048710700001136
:103dc0000000000023586801222008000620890016
:103dd0000448090104500a0125504401257849018d
:103de0000200e015000000000000052468006019d2
:103df000000000000004292500042f2d21504f0150
:103e00002b784f0121586f01c27a09000100ef3170
:103e100023482f01c2220900407d0a0025208f007f
:103e200040780a00027b0f002528af00007d0b00c0
:103e30002528af0025100400251805000800e00320
:103e4000000000002a7820012148290121504a0160
:103e50002300601521504f01257849011400e0111d
:103e600000000000080040150000000003002015bd
:103e70000000000067ff001000000b242550200107
:103e800000000924e0ff6b252040487161ff00110c
:103e90000000000023586801222008000620890045
:103ea0000448090104500a015aff0010255044013a
:103eb000ff0701241500c111000000002140e700a8
:103ec000257806010300e01500000000d9ffe0049a
:103ed0000000000025100600d8ff0010251807007c
:103ee000257849012700e01500000000ff070124a4
:103ef000d0ffc115000000002678a7002100e005d2
:103f000000000000f3ff0010000000002a7880018c
:103f100021608c012168ad011700c0152168af0137
:103f20002578ac01c3ffe011000000000800a015d7
:103f300000000000030080150000000039ff0010a1
:103f400000000e242568800100000c24e0ffce252f
:103f50002040a87133ff0011000000002370c80149
:103f60002220080006208c0004600c0104680d016a
:103f70002cff00102568a4012578ac01d5ffe011c5
:103f800000000000f8ff053caaff00100000042418
:103f90000100082423400b012000012d07002014fc
:103fa00000000000e0ff08212b3009000d000a107e
:103fb00025484601f8ff001000000a3409000011ee
:103fc00000000000222008000430890004208a003c
:103fd0000648090106500a010200c0102548890060
:103fe0000200293583ff001000000b2400000000b0
:020000040000fa
:020000041d00dd
:103ff00068ffbd279400bfaf9000b0afe827400f27
:10400000252000004900043c262b400f003e84245c
:10401000f029400f00000000009d043c0c25400fdb
:104020002c37842488bf023c10614394c439037c3c
:10403000106143a488bf023c306143940100042412
:10404000c439837c306143a46727400f000000001f
:104050000100023c00c242342000a2af2400a0af05
:104060002800a0af2c00a0afdc02053c006ca5240a
:10407000e31d400f2000a4270900401488bf023c24
:1040800030614394c439037c306143a4009d043cf7
:104090000c25400f50378424ffff00100000000063
:1040a000009d043c0c25400f703784242528000017
:1040b000019d043c522c400f68a78424009d043cc1
:1040c0000c25400fb03784248827400f00000000e3
:1040d0000100023c00c242343000a2af3400a0af65
:1040e0003800a0af3c00a0afdc02053c006ca5246a
:1040f000301e400f3000a42706004054009d043cb1
:10410000009d043c0c25400fe4378424ffff001081
:10411000000000000c25400f0438842400200524f2
:1041200000a0043c9726400f20008424009d043cfe
:104130000c25400f3c3884240100023ca086423408
:104140004000a2af252800005d21400f4000a427b9
:1041500088bf023c3062439401000424c439837c4c
:10416000306243a41e00023c808442344400a2af6b
:10417000000102244800a2af4c00a0af5000a0af45
:10418000252800008724400f4400a4270300401086
:10419000009d043c0c25400f603884242528000035
:1041a000691b400f2520000005004050009d043c85
:1041b000009d043c0c25400f8c388424009d043c59
:1041c0000c25400fb8388424019d023cd8b2428ca3
:1041d0005400a2af040006245400a527d41b400fae
:1041e0000010042429004050009d043c009d043c24
:1041f0000c25400fdc388424040006245800a52731
:10420000431d400f00100424280040105b00a293bf
:104210001800a2af5a00a2931400a2af5900a293b3
:104220001000a2af5800a793009d063c2c39c6246d
:1042300032000524072c400f5c00a4270c25400ffa
:104240005c00a427040006245800a5277f2b400ffc
:104250005400a42711004054009d043c009d043ce0
:104260000c25400f543984244f26400f00000000d5
:104270001300405400a0043c009d043c0c25400f5a
:10428000c4398424ffff0010000000000c25400ffb
:1042900010398424d9ff0010040006240c25400f97
:1042a00088398424f0ff001000000000009d043cc9
:1042b0000c25400fac398424ebff001000000000f7
:1042c000fb10400ff05184243c00401000a0023c41
:1042d000f051422400a0033ca05163245000442428
:1042e0000000488c0400478c0800468c0c00458c6c
:1042f000000068ac040067ac080066ac0c0065ac5c
:1043000010004224f6ff441410006324009d043c76
:104310000c25400ff0398424009d043c0c25400fef
:104320001c3a8424009d043c0c25400f8c3a8424c4
:10433000009d043c0c25400fb83a8424009d043ca9
:104340000c25400f0c3b84240001052400a0043cf4
:104350007326400f20508424009d043c0c25400f00
:10436000603b8424009d103c883b10264e0b400f80
:10437000000000000000400f000000002c8082932d
:10438000ff004230f9ff401400000000872c400f6e
:1043900000000000f5ff4010000000000c25400f59
:1043a00025200002010002242c8082a30000400f7f
:1043b00000000000edff0010000000005000062487
:1043c0002528000000a0043ce92b400ff051842474
:1043d000500006242528000000a0043ce92b400fd3
:0c43e000a0518424caff0010009d043c82
:020000040000fa
:020000041d00dd
:1043ec0000febd27fc01bfaff801b1aff401b0afc7
:1043fc0025808000009d043c0c25400ffc6b842420
:10440c00640006245800a527431d400f25200000fa
:10441c000a00401425884000009d043c0c25400fe8
:10442c001c6c842425102002fc01bf8ff801b18f75
:10443c00f401b08f0800e0030002bd275b00a293db
:10444c001800a2af5a00a2931400a2af5900a29375
:10445c001000a2af5800a793009d063c3c6cc624ec
:10446c0032000524072c400fbc00a4270c25400f5c
:10447c00bc00a4275800a393ffff62240200422c27
:10448c0006004014000003ae009d043c0c25400fb8
:10449c005c6c8424e3ff00102588000004000226d5
:1044ac005c00a48b5900a49b070004aa000044b82c
:1044bc00080002266000a48b5d00a49b0b0004aadc
:1044cc00000044b80c0002266400a48b6100a49b7d
:1044dc000f0004aa000044b8100002266800a48b48
:1044ec006500a49b130004aa000044b81400022623
:1044fc006c00a48b6900a49b170004aa000044b8ac
:10450c00180002267000a48b6d00a49b1b0004aa4b
:10451c00000044b81c0002267400a48b7100a49bfc
:10452c001f0004aa000044b8200002267800a48bc7
:10453c007500a49b230004aa000044b824000226a2
:10454c007c00a48b7900a49b270004aa000044b82b
:10455c00280002268000a48b7d00a49b2b0004aabb
:10456c00000044b82c0002268400a48b8100a49b7c
:10457c002f0004aa000044b8300002268800a48b47
:10458c008500a49b330004aa000044b83400022622
:10459c008c00a48b8900a49b370004aa000044b8ab
:1045ac00380002269000a48b8d00a49b3b0004aa2b
:1045bc00000044b83c0002269400a48b9100a49bfc
:1045cc003f0004aa000044b8400002269800a48bc7
:1045dc009500a49b430004aa000044b844000226a2
:1045ec009c00a48b9900a49b470004aa000044b82b
:1045fc0048000226a000a48b9d00a49b4b0004aa9b
:10460c00000044b84c000226a400a48ba100a49b7b
:10461c004f0004aa000044b8010002243e006214ba
:10462c00009d063c4800028e5000a2af4400028e52
:10463c004c00a2af4000028e4800a2af3c00028e9c
:10464c004400a2af3800028e4000a2af3400028eac
:10465c003c00a2af3000028e3800a2af2c00028ebc
:10466c003400a2af2800028e3000a2af2400028ecc
:10467c002c00a2af2000028e2800a2af1c00028edc
:10468c002400a2af1800028e2000a2af1400028eec
:10469c001c00a2af1000028e1800a2af0c00028efc
:1046ac001400a2af0800028e1000a2af0400078e07
:1046bc00806cc62400010524072c400ff000a427b1
:1046cc000c25400ff000a4270000038e01000224eb
:1046dc003d006210009d073c009d073cf86be724f1
:1046ec004800028e1400a2af4400028e1000a2af4c
:1046fc00009d063c786dc6248000052400a0103c6b
:10470c00072c400f205104260c25400f2051042665
:10471c0045ff0010251020024c00028e5400a2af61
:10472c004800028e5000a2af4400028e4c00a2af93
:10473c004000028e4800a2af3c00028e4400a2afa3
:10474c003800028e4000a2af3400028e3c00a2afb3
:10475c003000028e3800a2af2c00028e3400a2afc3
:10476c002800028e3000a2af2400028e2c00a2afd3
:10477c002000028e2800a2af1c00028e2400a2afe3
:10478c001800028e2000a2af1400028e1c00a2aff3
:10479c001000028e1800a2af0c00028e1400a2af03
:1047ac000800028e1000a2af0400078e009d063c8c
:1047bc00f86cc62400010524072c400ff000a42738
:1047cc00bfff001000000000c5ff0010f46be724d1
:020000040000fa
:020000041d00dd
:1047dc002540c0002518e000255080009800e0140a
:1047ec002510a0002b30a6003500c01000000000e2
:1047fc00202805710600a0102320050006208a0041
:10480c000410a2000440a800251082000450aa0045
:10481c00023408001b004600f401c000ffff053104
:10482c0002240a00123800001010000000140200cc
:10483c00252044000248a7702b5889000a006011fb
:10484c002510e000212088002b58880006006015f8
:10485c00ffffe2242b5889000400605123208900bb
:10486c00feffe22421208800232089001b00860003
:10487c00f401c000103000000034060012200000cb
:10488c000238a470ffff45312528c5002b48a7002e
:10489c000800201125308000212805012b40a8009c
:1048ac0004000015ffff86242b28a7000100a0544c
:1048bc00feff8624001402000800e00325104600c9
:1048cc0004000015010002241b004800f401000143
:1048dc001240000020580b712300601520000724a3
:1048ec002328a80001000324023408001b00a600a2
:1048fc00f401c000ffff073102240a001228000057
:10490c001010000000140200252044000248e5703d
:10491c002b5889000a0060112510a0002120880066
:10492c002b58880006006015ffffa2242b58890025
:10493c000400605123208900feffa224212088005e
:10494c00232089001b008600f401c000ffff4a31c0
:10495c0010280000002c05002528aa0012200000b9
:10496c00caff00100238e4702338eb0004406801e1
:10497c000648e400023408000638e5001b00e60097
:10498c00f401c0000410650125482201ffff02312b
:10499c00021c09001228000010380000003c07001f
:1049ac002538e300025045702b60ea000a008011a4
:1049bc002518a0002138e8002b60e80006008015bf
:1049cc00ffffa3242b60ea00040080512338ea0087
:1049dc00feffa3242138e8002338ea001b00e60080
:1049ec00f401c000ffff2531123000001038000028
:1049fc00003c07002528e500021046702b48a20059
:104a0c000a0020112538c0002128a8002b48a80036
:104a1c0006002015ffffc7242b48a20004002051dc
:104a2c00001c0300feffc7242128a800001c030063
:104a3c00045064012328a200abff00102518670066
:104a4c002b40a700251800004e0000152510000073
:104a5c002050ea7007004015200009242b28e5009f
:104a6c004800a014010002242b1086000800e0036b
:104a7c000100423823482a01061026010438470158
:104a8c002538470004184501024407000628250173
:104a9c001b00a800f4010001ffffeb3006102401fd
:104aac0025104300021c02001228000010480000d0
:104abc00004c090025482301026065712b682c010c
:104acc000a00a0112518a000214827012b682701f6
:104adc000600a015ffffa3242b682c010400a05195
:104aec0023482c01feffa3242148270123482c0135
:104afc001b002801f4010001ffff453012400000ab
:104b0c0010480000004c0900252825010258687146
:104b1c002b10ab000a004010254800012128a700eb
:104b2c002b10a70006004014ffff09252b10ab002b
:104b3c000400401000140300feff09252128a700e3
:104b4c000014030004304601251049001900c2006e
:104b5c002328ab00103800002b18a70007006014a6
:104b6c00123000000700a71425180000042044018f
:104b7c002b2086000300801000000000ffff422461
:104b8c00251800000800e003000000002548c000c4
:104b9c00251080008b00e0142518a0002b30a600f7
:104bac003300c01020502a7108004011025c09002b
:104bbc000418450123280a000628a40004484901ca
:104bcc002518a30004104401025c09001b006b00b3
:104bdc00f4016001ffff24311218000010280000be
:104bec0002306470001c0500022c020025186500c0
:104bfc002b2866000800a0502318660021186900b5
:104c0c002b2869000300a0142b2866000100a05477
:104c1c0021186900231866001b006b00f401600169
:104c2c00ffff423010300000121800000258647070
:104c3c00001c0600251062002b184b000900605068
:104c4c0023104b00211049002b184900050060541b
:104c5c0023104b002b184b0001006054211049000d
:104c6c0023104b00061042010800e0032518000039
:104c7c0004002015010003241b006900f40120012d
:104c8c001248000020502a711f00401520000724f4
:104c9c002328a900025c09001b00ab00f401600191
:104cac00ffff243112280000101800000230a470fd
:104cbc00002c0300021c02002528a3002b18a600c0
:104ccc00080060502330a6002128a9002b18a90049
:104cdc00030060142b18a600010060542128a900c1
:104cec002330a6001b00cb00f4016001ffff423013
:104cfc0010280000123000000258c4700034050067
:104d0c00cdff00102510c2002338ea0004484901e9
:104d1c000618e400023409000638e5001b00e60022
:104d2c00f401c00004104501ffff28312518620072
:104d3c00022c030012380000106000000210e87012
:104d4c00003c0c002538e5002b28e2000800a050a0
:104d5c002338e2002138e9002b28e9000300a014d5
:104d6c002b28e2000100a0542138e9002338e2008e
:104d7c001b00e600f401c000ffff6530123000009c
:104d8c0010380000003c07002528e5000230c870f0
:104d9c002b10a60009004010041044012128a90082
:104dac002b10a90005004014041044012b10a60080
:104dbc00010040542128a90004104401b5ff001043
:104dcc002328a6002b40a7005c0000152070ee7075
:104ddc000a00c0152b40e500030000152b4086008f
:104dec005600001500000000231086002328a700a1
:104dfc002b1882000800e0032318a30020000b24ca
:104e0c0023586e01066066010438c70125388701f6
:104e1c000440c501024c0700062865011b00a900cf
:104e2c00f40120010610640125104800ffffe83052
:104e3c0002640200122800001050000000540a0006
:104e4c0025504c01021805712b6043010a0080119a
:104e5c002568a000215047012b60470106008015f2
:104e6c00ffffad242b60430104008051235043010c
:104e7c00feffad2421504701235043011b00490183
:104e8c00f4012001124800001050000000540a00e8
:104e9c0002280971ffff4830254048012b100501fd
:104eac000a00401025502001214007012b1007015a
:104ebc0006004014ffff2a252b10050104004010aa
:104ecc0000640d00feff2a252140070100640d003f
:104edc000410c60125608a011900820123400501d6
:104eec000418c401106800002b200d012528a00116
:104efc0012600000050080141230000007000d1530
:104f0c002b206c00060080102330660023308201b9
:104f1c002338a7012b6086012328ec002330660080
:104f2c002b186600234005012318030104106301ac
:104f3c000630c601251046000618c3010800e00320
:044f4c000000000061
:020000040000fa
:020000041d00dd
:104f500055415254313a204e6f2064617461207281
:104f6000656365697665640055415254313a20495c
:104f70006e707574207472756e63617465642074ec
:104f80006f206275666665722073697a650000003d
:104f900052617720496e70757420282575206279da
:104fa000746573293a2027252e33307327000000bb
:104fb000535441525400000050726f63657373691b
:104fc0006e6720535441525420636f6d6d616e645f
:104fd000000000004163717569736974696f6e2028
:104fe000737461727465640055415254323a2054ae
:104ff000582074696d656f75740000004650474114
:105000003a20537461727420636f6d6d616e642019
:1050100073656e740000000055415254323a2046c8
:1050200061696c656420746f2073656e64207374ad
:1050300061727420636f6d6d616e640041637175a0
:1050400069736974696f6e20616c7265616479203f
:1050500072756e6e696e670053544f500000000009
:1050600050726f63657373696e672053544f50209d
:10507000636f6d6d616e640041637175697369740e
:10508000696f6e2073746f7070656400465047419d
:105090003a2053746f7020636f6d6d616e6420737e
:1050a000656e740055415254323a204661696c6510
:1050b0006420746f2073656e642073746f70206356
:1050c0006f6d6d616e640000416371756973697421
:1050d000696f6e206e6f742072756e6e696e6700f8
:1050e000524553455400000050726f6365737369f5
:1050f0006e6720524553455420636f6d6d616e6439
:105100000000000053797374656d207265736574d7
:105110002028454550524f4d207072657365727658
:1051200065642900465047413a20526573657420f2
:10513000636f6d6d616e642073656e7400000000b6
:1051400055415254323a204661696c656420746f4f
:105150002073656e6420726573657420636f6d6d76
:10516000616e64004c4f41440000000050726f6358
:10517000657373696e67204c4f414420636f6d6d9a
:10518000616e6400465047413a204c6f616465642b
:105190002073657474696e6773206170706c6965e3
:1051a00064207375636365737366756c6c79000056
:1051b00055415254323a20577269746520666169cc
:1051c0006c656420666f7220465047412073657499
:1051d00074696e6773000000494e464f000000007e
:1051e00050726f63657373696e6720494e464f2036
:1051f000636f6d6d616e6400496e76616c696420e9
:10520000666f726d61740000496e76616c6964202e
:105210006d6f646520285048412f4d43412900009f
:10522000504841206d6f64652072657175697265c3
:105230007320313820706172616d732c20676f7438
:10524000202564004d4341206d6f646520726571b7
:10525000756972657320313920706172616d7320d8
:1052600028696e636c2e204457454c4c292c2067ce
:105270006f74202564000000456d70747920746f90
:105280006b656e206465746563746564000000007e
:10529000465047413a2053657474696e67732028fd
:1052a000696e636c7564696e67206477656c6c20e9
:1052b00074696d65292073656e7420737563636509
:1052c000737366756c6c792028313120627974654e
:0452d000732900003e
:020000040000fa
:020000041d00dd
:1052d40000a0023ce05242241c004290ff004230f5
:1052e400cc004014000000000300a01000000000e7
:1052f400ca00805400a0023cd000e010000000006e
:10530400ce00c0100000000000a0023ce05244acfb
:10531400e0524224040046ac140040ac180040acf7
:10532400100040ac0900801000a0023ce05242246e
:10533400080045ac0700c01400a0023ce05242241f
:105344000c0040ac0700001000a0023ce0524224d4
:10535400080040ac00a0023ce05242240c0047ace0
:1053640000a0023ce0524224010003241c0043a09c
:105374000800438c0c00428c2b1062000500401086
:1053840000a0023ce05242240c00448c2320830001
:10539400100044ac80bf023c40000424145844acc8
:1053a40080bf023c1058428c200042300700401459
:1053b40080bf053c80bf043c2058a28c1058828cce
:1053c40020004230fcff40100000000080bf023c7f
:1053d40003000424045844ac80bf043c01000524a9
:1053e400085885ac0c000424045844ac88bf023c23
:1053f40020000524741045ac40000424741044ac0f
:1054040088bf023c441045ac441044ac80bf023c0d
:105414000058428c000842302b00401000a0023c8f
:10542400e05242240800438c82180300080043ac75
:105434001000438c82180300100043ac0c00438c12
:10544400821803000c0043ac0800438c1800428c03
:105454002b1043000f00401000a0023ce052448c8b
:105464000000858c80bf043c205885ace052422467
:105474001800448c01008424180044ac5900e01046
:1054840088bf023c20000324781043ac0800e003ea
:1054940001000224e05242241000428cf7ff401025
:1054a40080bf023cff000424205844ac00a0023c0e
:1054b400e05242241000448cffff8424100044acca
:1054c400eeff00100000000080bf023c0058428c38
:1054d400000442302700401000a0023ce052422465
:1054e4000800438c42180300080043ac1000438cae
:1054f40042180300100043ac0c00438c4218030014
:105504000c0043ac0800438c1800428c2b10430061
:105514000b00401000a0023ce052448c0000859433
:1055240080bf043c205885ace05242241800448ccf
:1055340001008424180044acd0ff001000000000d7
:10554400e05242241000428cccff401080bf023c49
:10555400ff000424205844ac00a0023ce052422442
:105564001000448cffff8424100044acc3ff0010df
:1055740000000000e05242241800428c2b1043002b
:105584000b00401000a0023ce052448c00008590c7
:1055940080bf043c205885ace05242241800448c5f
:1055a40001008424180044acb4ff00100000000083
:1055b400e05242241000428cb0ff401080bf023cf5
:1055c400ff000424205844ac00a0023ce0524224d2
:1055d4001000448cffff8424100044aca7ff00108b
:1055e4000000000000a0023ce05242241800428c5b
:1055f400030043100400032480bf023c085843ac5a
:1056040088bf023c40000324781043ac0800e00348
:10561400010002240800e00325100000e05244ac1d
:10562400e0524224040046ac140040ac180040ace4
:10563400100040ac3dff001000a0023c0800e00355
:045644000000000062
:020000040000fa
:020000041d00dd
:105648004050050042550a00c04a0500427d04004a
:1056580025482f01c042040000800e3c25482e0139
:1056680040680700426d0d00c0620700427d0600d9
:1056780025608f01c05a060025608e012628a700e4
:105688002428ae00ffff4f25fe07e12d470020101c
:1056980000000000ffffaf25fe07e12d6f0020107e
:1056a8000000000002fcaf2521504f0119002c0119
:1056b800123800001070000019000b0112200000c1
:1056c8001030000019002b0112580000106800006b
:1056d8002130cb002b78cb002138ed002138ef00aa
:1056e8000200ed10000000002b78ed002170cf01c2
:1056f80019000c0112400000104800002130c800b9
:105708002b78c8002138e9002138ef000200e910a1
:10571800000000002b78e9002170cf012578860071
:105728000200e011000000000100e73425480e00e7
:1057380006002005254007002a78000121400801bd
:105748002148290121482f01ffff4a25ffff4f2546
:10575800fe07e12d68002010000000000004082565
:1057680000040f2d21482f012b782f0121504f01c4
:10577800c27a08000100ef3123400f01c22208005d
:10578800407d090025208f0040780900027b0f002a
:105798002528af00007d0a002528af002510040049
:1057a800251805000800e003000000002a78000121
:1057b80021400801214829011c00401521482f01da
:1057c800257828011400e0110000000008002015c9
:1057d800000000000300001500000000adff0010ed
:1057e80000000a242548000100000824e0ff4a259b
:1057f80020702e71a7ffc0110000000023504e0139
:1058080022380e000638e8000440c8010448c901df
:10581800a0ff001025482701ff0701243300a1112c
:1058280000000000ddff00100000000025782801be
:105838002e00e015000000000500a0150000000083
:1058480040780c002578eb012800e01100000000ea
:10585800ff0701242100a115000000002a7860013b
:1058680021586b0121608c011900a01521608f015e
:1058780025788b011400e011000000000800801555
:1058880000000000030060150000000085ff001004
:1058980000000d242560600100000b24e0ffad2509
:1058a800203086717fffc010000000002368a60129
:1058b800227006000670cb010458cb000460cc00af
:1058c80078ff001025608e01b4ff0010000004244a
:1058d80025788b010500e01500000000f07f013cf1
:1058e8002528a100adff001000000424f8ff053ca6
:1058f800aaff001000000424f8ff401d000000006b
:1059080001000e242370ca012000c12d07002014b5
:1059180000000000e0ffce212b3008000d00091028
:1059280025402601f8ff0010000009340900c011c5
:105938000000000022380e000430e8000438e900b6
:105948000640c8010648c9010200c0102540e80009
:10595800020008350004082500040f2d21482f01f6
:0c59680083ff0010c2570900000000007f
:020000040000fa
:020000041d00dd
:1059740053657474696e6773206368616e676564e8
:105984002c206175746f2d736176696e6720746f56
:1059940020454550524f4d2e2e2e000057726974eb
:1059a400696e673a205048412c252e3130642c25ed
:1059b4002e3130642c252e3130642c252e31306468
:1059c4002c252e3130642c252e3130642c252e319b
:1059d40030642c252e3130642c252e3130642c2556
:1059e4002e3130642c252e3130642c252e31306438
:1059f4002c252e3130642c252e3130642c252e316b
:105a040030642c252e3130642c252e3130642c2525
:105a14002e3130640000000057726974696e673a71
:105a2400204d43412c252e3130642c252e313064f9
:105a34002c252e3130642c252e3130642c252e312a
:105a440030642c252e3130642c252e3130642c25e5
:105a54002e3130642c252e3130642c252e313064c7
:105a64002c252e3130642c252e3130642c252e31fa
:105a740030642c252e3130642c252e3130642c25b5
:105a84002e3130642c252e3130642c252e31306497
:105a94002c252e3130640000454550524f4d3a209c
:105aa4004661696c656420746f207772697465203f
:105ab40073657474696e67730000000053657474d1
:105ac400696e6773207772697474656e00000000f4
:105ad40052656164206261636b3a205048412c2511
:105ae4002e3130642c252e3130642c252e31306437
:105af4002c252e3130642c252e3130642c252e316a
:105b040030642c252e3130642c252e3130642c2524
:105b14002e3130642c252e3130642c252e31306406
:105b24002c252e3130642c252e3130642c252e3139
:105b340030642c252e3130642c252e3130642c25f4
:105b44002e3130642c252e3130640000526561649e
:105b5400206261636b3a204d43412c252e31306421
:105b64002c252e3130642c252e3130642c252e31f9
:105b740030642c252e3130642c252e3130642c25b4
:105b84002e3130642c252e3130642c252e31306496
:105b94002c252e3130642c252e3130642c252e31c9
:105ba40030642c252e3130642c252e3130642c2584
:105bb4002e3130642c252e3130642c252e31306466
:105bc4002c252e3130642c252e3130640000000049
:105bd400454550524f4d3a20577269746520766599
:105be40072696669636174696f6e20737563636556
:105bf400737366756c000000454550524f4d3a2052
:105c0400577269746520766572696669636174693f
:105c14006f6e206661696c6564202d206461746117
:105c2400206d69736d6174636800000045455052ce
:105c34004f4d3a20526561642d6261636b20766535
:105c440072696669636174696f6e206661696c6507
:105c54006400000053657474696e67732061757421
:105c64006f2d736176656420746f20454550524fe3
:105c74004d207375636365737366756c6c7900008e
:020000040000fa
:020000041d00dd
:105c840080bf023c1058428c200042304400401433
:105c940080bf023c2058458c00a0043ce052842480
:105ca4001400838c1800828c0c00848c2b206400dc
:105cb4002100801080bf043c0058848c000884308c
:105cc4003c00801000a0043ce05284240400848c36
:105cd4008030030021208600000085ac010063248d
:105ce40000a0043ce0528424140083ac0c00848c97
:105cf4001100831400a0043ce05284240800848c26
:105d04002b2044000c00801088bf043c2000052494
:105d1400741085ac80bf043c0c000524045885ac89
:105d240080bf043c04000524085885ac88bf043cab
:105d340040000524781085ac00a0043ce052842483
:105d44000c00848c2b2064007100805000a0043c63
:105d540080bf033c0058638c00086330340060103b
:105d640000a0033ce05263240800638c2b1843001a
:105d74002200601000a0033ce052638c80200200eb
:105d8400211864000000648c80bf033c205864ac7c
:105d94000100422400a0033ce0526324180062acda
:105da40088bf023c20000324441043ac0800e003f5
:105db4000000000080bf043c0058848c0004843040
:105dc4000800801000a0043ce05284240400848c69
:105dd4004030030021208600000085a4c0ff00108d
:105de40001006324e05284240400848c2120830075
:105df400000085a0baff001001006324e052632470
:105e04001000638ce3ff601080bf033cff00042498
:105e1400205864ac00a0033ce05263241000648c5e
:105e2400ffff8424100064acdbff001000a0033cdf
:105e340080bf033c0058638c000463301b00601077
:105e440000a0033ce05263240800638c2b18430039
:105e54000900601000a0033ce052638c4020020063
:105e6400211864000000649480bf033c205864ac93
:105e7400c8ff001001004224e05263241000638c28
:105e8400c4ff601080bf033cff000424205864acae
:105e940000a0033ce05263241000648cffff8424c0
:105ea400100064acbcff001000a0033ce05263246b
:105eb4000800638c2b1843000800601000a0033c0a
:105ec400e052638c211862000000649080bf033ca0
:105ed400205864acafff001001004224e052632458
:105ee4001000638cabff601080bf033cff000424f0
:105ef400205864ac00a0033ce05263241000648c7e
:105f0400ffff8424100064aca3ff001000a0033c36
:105f1400e05284240c00848ca1ff831400a0033c71
:105f2400e05263240800638c9dff621480bf023c2e
:105f340040000324145843ac88bf023c20000324cf
:105f4400741043ac00a0023ce05242241c0040a068
:105f54002000428c92ff401000a0023ce8ffbd27c5
:105f64001400bfafe05242242400448c2000428c31
:105f740009f840000000000088bf023c2000032410
:105f8400441043ac1400bf8f0800e0031800bd2781
:020000040000fa
:020000041d00dd
:105f94000080013c2628a100c24d0400ff002931e5
:105fa400c25d0500ff006b310080073c0042040025
:105fb400254007010052050025504701ffff2d250c
:105fc400fe00a12d6100201000000000ffff6d25e0
:105fd400fe00a12d770020100000000023602b019b
:105fe4000d0080050000000020008129030020141a
:105ff400000000001500001002000a2425300a00e9
:1060040006508a0104688a011000a61100000000ed
:106014000e00001002004a3525480b0023600c00d6
:106024002000812903002014000000000700001054
:10603400020008242530080006408801046888010d
:106044000200a61100000000020008352460870049
:10605400266885011000a0050000000021400a0107
:106064002b680a011700a0110000000001000d3187
:106074000200a011000000000200083542400800a0
:1060840001002925ff0001240e0021150000000055
:106094000c000010000008242b680a010400a01161
:1060a40023400a01234008000300001026608701f2
:1060b4005000001100000000203006712348260122
:1060c4000440c8000e0020190000000080000825cc
:1060d40080000d2d21482d01026a08000100ad3118
:1060e40023400d014040080042420800c06d0900f1
:1060f40025400d0125100c010800e00300000000fc
:10610400010006242330c9002000c12c39002010ce
:10611400000000000080013c2540010120000d2406
:106124002368a6010448a801020020110640c80003
:10613400010008350000092480000d25e3ffa105b6
:1061440000000000e1ff0010010009240e002015ea
:1061540000000000214008010500001100000000bb
:1061640020600c7123482c0198ff00100440880122
:10617400ff0001240f006111000000000080013cb9
:106184001800a11400000000216808011b00a015dc
:1061940000000000ff00012414006115000000004d
:1061a400266885001500a005000000000d00001001
:1061b40000000000080060150000000021504a01a2
:1061c4000a0040110000000020604c7123586c014b
:1061d40082ff001004508a0121684a010700a015bb
:1061e40000000000c4ff001025100500c2ff0010cd
:1061f40025100400c0ff001000000224beff0010a0
:08620400c0ff023c0000000095
:020000040000fa
:020000041d00dd
:10620c0000800b3cc2450400ff000831c25505005c
:10621c00ff004a31003a04002538eb00004a050023
:10622c0025482b012670850024586e01ffff0e2592
:10623c00fe00c12d3f00201000000000ffff4e2586
:10624c00fe00c12d53002010000000002b08e900b7
:10625c00030020140000000042380700010008254c
:10626c0082630900f40180011b00ec001220000085
:10627c0010300000ff3f2d311900a401122800003e
:10628c00803306002b70c5000400c0112330c500fc
:10629c00ffff84242130c9002b70c900f401800158
:1062ac001b00cc0012380000103000001900a701b0
:1062bc0012280000803306002b70c5000400c011aa
:1062cc002330c500ffffe7242130c9002b70c90023
:1062dc00807304002138ee000200c0100039070062
:1062ec000100e7347e000e242370ca0121400e0108
:1062fc00ffff0e25fe00c12d340020100000000011
:10630c008000e7248000ee2c21400e010272070071
:10631c000100ce312338ee0040380700423a070026
:10632c00c07508002538ee002510eb000800e003ce
:10633c000000000008000015000000002138e700f4
:10634c000500e010000000002060ec7023400c0100
:10635c00baff001004388701040048150000000043
:10636c00217029012f00c01100000000ff00012442
:10637c000800411100000000120000110000000094
:10638c002170e7002700c01500000000220000105b
:10639c000000000008004015000000002148290101
:1063ac001d0020110000000020602c7123504c01b6
:1063bc00a6ff001004488901217029011900c0159d
:1063cc0000000000d9ff001025100b001200001d6a
:1063dc000000000001000c24236088012000812da6
:1063ec00f8ff20100000000020000e242370cc01c8
:1063fc000440c70102000011063887010200e7348f
:10640c00000008248000ee24bdffc1050000000040
:10641c00bbff001001000824807f013cc3ff00106b
:10642c0025106101c1ff0010c0ff023c00000000fc
:020000040000fa
:020000041d00dd
:10643c00251085003e0040102538a0000100822464
:10644c002b3044002130c5004408027cc21f0500db
:10645c0025304600251080003800c010c01a0300fb
:10646c000a00062440008610f6ff06245f00861002
:10647c00ffff06243500a004000000004200e014d9
:10648c00203046702000c624f8ffc424424002008d
:10649c002748040004288700064028012000873084
:1064ac002528050104208200251080003e040824c4
:1064bc000a20a7000b100700234006012538800096
:1064cc000700443010008010c2200700c000457c3b
:1064dc000300a524212845002b10a20021384700d9
:1064ec000006e47c070080102510a000c0270700e0
:1064fc00421005003f040824251082004238070092
:10650c0023400601c2200700402f0700c2100200e2
:10651c000005867c0300c0102510a2000098847c26
:10652c0025186800001d03000800e003251864000e
:10653c00251000000800e00325180000ff03633459
:10654c00001d03000800e003251000002f00805000
:10655c000080023c231004002b3802002328050085
:10656c00c6ff00102338a700c0ffa01400000000d5
:10657c00020463340400043c001d030025100000d9
:10658c000800e003251864002030e670080004249d
:10659c003e0408242320860018008018234006019e
:1065ac0027280400405007000450aa000648820027
:1065bc00f8ffc52420008b302548490106208700b0
:1065cc002000ac300b488b00255040001700801584
:1065dc000b200b000428a7002510a2002b10020092
:1065ec0025104900b6ff001025388000a1ffa61425
:1065fc0000000000dfff001002046334a3ff8014ce
:10660c00f8ffc424aeff001008000624d2ffa254e9
:10661c0023100400253000003e04082425500000ff
:10662c00f8ff0524254800008000043cebff001017
:04663c000410aa009c
:020000040000fa
:020000041d00dd
:106640000400a88cb0ffbd274400b7af3800b4af3a
:106650002c00b1af4c00bfaf4800beaf4000b6af9a
:106660003c00b5af3400b3af3000b2af2800b0afdc
:1066700025b880002588a0004c0000050000b48cdf
:106680004408147c08003e8e10008a320000d28c30
:106690000400d68c0400401125a8c0032510560222
:1066a00001004054feffd527080089320100205523
:1066b000ffffb5261000308e0c00338e2528a00277
:1066c000ffff102621107002000040a00200022ae5
:1066d0000b00401425105602360040140f004332c0
:1066e00023101501211045003300401c0a006428c6
:1066f0000300a018020082322f00401400000000a6
:106700000b004011000000000000c28c0400c38c8c
:10671000251043000600401021107002feff1026d5
:10672000ffff47a03000032421107002000043a0a7
:106730000400201120000324ffff10262110700206
:10674000000043a01000268e1000b4af2538c0030f
:10675000ffffc6242330d00021287002e521400f1e
:106760002520e0020400e38e000163300400601085
:106770004c00bf8f0400238e2a2043000b106400be
:106780004800be8f4400b78f4000b68f3c00b58fe5
:106790003800b48f3400b38f3000b28f2c00b18f2b
:1067a0002800b08f0800e0035000bd27b5ff00109f
:1067b000010008240a0064280200801057006224a7
:1067c00030006224bfffe3241a00632c1300601022
:1067d000200043349fff63241a00632c1000605094
:1067e000ffff1026252040005c00a7af5800a6af91
:1067f0002400a8af2000a5af1c00a9af3f2c400f7c
:106800001800aaaf5c00a78f5800a68f2400a88f9d
:106810002000a58f1c00a98f1800aa8fffff10264b
:1068200021187002000062a00291120000171600e9
:10683000ffffa52425905200a4ff001002b116000e
:020000040000fa
:020000041d00dd
:1068400055415254323a204572726f722030782589
:106850005800000055415254323a205061636b6534
:10686000742074696d656f7574206166746572203b
:10687000257520627974657320285365713a202547
:106880007529000055415254323a20436f6d706ca7
:10689000657465207061636b6574207265636569fa
:1068a00076656420285365713a202575290000001b
:1068b0005072696e74537065637472756d4461745f
:1068c000613a2052656365697665642046504741a8
:1068d00020537065637472756d2044617461202863
:1068e000257520696e746567657273293a0000002a
:1068f0007b00000050726f636573735541525432d0
:1069000052783a20457870656374656420656e64da
:106910002062797465202830784445292c20676fdf
:10692000742030782530325820285365713a20255c
:106930007529000055415254323a2020283430390c
:106940003620696e746567657273293a000000002d
:10695000202020202533752c202533752c2025332d
:10696000752c202533752c202533752c2025337567
:106970002c202533752c202533752c202533752ca0
:10698000202533752c202533752c202533752c209c
:106990002533752c202533752c202533752c202587
:1069a00033750000202020202533752c20253375d9
:1069b0002c202533752c202533752c202533752c60
:1069c000202533752c202533752c202533752c205c
:1069d0002533752c202533752c202533752c202547
:1069e00033752c202533752c202533752c20253329
:1069f000752c202533752573000000000000000071
:106a00007d3b0000466972737420382076616c7596
:106a100065733a2025752c2025752c2025752c2092
:106a200025752c2025752c2025752c2025752c20ce
:086a3000257500002c00000098
:020000040000fa
:020000041d00dd
:106a3800c23d0400ff00e730c24d0500ff002931c8
:106a480000800a3c003204002530ca0000420500dc
:106a580025400a012660850024504c01ffffec24e4
:106a6800fe00812d2100201000000000ffff2c25d2
:106a7800fe00812d36002010000000001900c8001b
:106a88001258000002006011103000000100c634e6
:106a98000300c0040000000040300600ffffe724a8
:106aa80082ff2c252138ec00ffffec24fe00812d0d
:106ab8003a002010000000008000c6248000cc2c82
:106ac8002138ec000262060001008c312330cc0032
:106ad8004030060042320600c06507002530cc0071
:106ae8002510ca000800e003000000000d00e014b3
:106af800000000002130c6000500c01000000000a2
:106b08002058cb702338eb00d8ff00100430660102
:106b1800ff0001241f0021110000000015000010d3
:106b2800000000002160c6001a0080150000000067
:106b380004002015000000002160080115008011e4
:106b480000000000ff0001240f00211500000000d4
:106b58000a0020150000000021400801050000116e
:106b68000000000020580b7123482b01c3ff0010c0
:106b780004406801dbff001025100a0021600801ad
:106b88000400801500000000807f013cd5ff001044
:106b980025104101d3ff0010c0ff023cfaffe01ca2
:106ba8000000000001000b24235867012000612d1c
:106bb800f0ff20100000000020000c2423608b014f
:106bc800043886010200e010063066010200c6346f
:106bd800000007248000cc24b7ff810500000000d6
:0c6be800b5ff00100100072400000000b1
:020000040000fa
:020000041d00dd
:106bf400504841004d4341004c6f6164696e672009
:106c040073657474696e67732066726f6d20454591
:106c140050524f4d2e2e2e00454550524f4d3a2086
:106c24004661696c656420746f20726561642073c9
:106c3400657474696e677300454550524f4d205218
:106c440061773a20253032582025303258202530bb
:106c540032582025303258004e6f2076616c6964ba
:106c64002073657474696e677320666f756e642033
:106c7400696e20454550524f4d0000004c6f6164d1
:106c840065643a205048412c252e3130642c252e41
:106c94003130642c252e3130642c252e3130642c77
:106ca400252e3130642c252e3130642c252e3130a4
:106cb400642c252e3130642c252e3130642c252e65
:106cc4003130642c252e3130642c252e3130642c47
:106cd400252e3130642c252e3130642c252e313074
:106ce400642c252e3130642c252e3130642c252e35
:106cf400313064004c6f616465643a204d43412c2b
:106d0400252e3130642c252e3130642c252e313043
:106d1400642c252e3130642c252e3130642c252e04
:106d24003130642c252e3130642c252e3130642ce6
:106d3400252e3130642c252e3130642c252e313013
:106d4400642c252e3130642c252e3130642c252ed4
:106d54003130642c252e3130642c252e3130642cb6
:106d6400252e3130642c252e3130642c252e3130e3
:106d74006400000053657474696e6773206c6f61fe
:106d84006465643a204d6f64653d25732c20485634
:106d94003d25642c2048564f4e3d256400000000dc
:020000040000fa
:020000041d00dd
:106da40080ffbd277c00bfaf7800b3af7400b2afe3
:106db4007000b1af6c00b0af2580a0000600a01039
:106dc4002588000025888000e903842c0100805078
:106dd400e8031124ffff3132bf2a400f252020028f
:106de400e124400f25204000019d043c40b0868ce6
:106df40044b0878c252040009d0c400f252860005e
:106e0400019d043c48b0868c4cb0878c2520400002
:106e14009215400f2528600025204000df26400ff2
:106e240025286000ffff5230001a427e2000a2a3f2
:106e34002100b2a3020006242000a527842a400fc3
:106e44006000042425984000162b400f0000000029
:106e5400fdff40140000000030006012000000003c
:106e64002c000016019d103c019d103c48a61026e4
:106e7400bf2a400f25204002e124400f2520400076
:106e8400019d043c50b0868c54b0878c2520400072
:106e94009215400f25286000019d043c58b0868c53
:106ea4005cb0878c252040009d0c400f2528600095
:106eb400252040002522400f25286000e124400fb2
:106ec400252040001800a2af1c00a3af1400b2afed
:106ed4001000b1af25380002019d063c4ca6c62423
:106ee40040000524072c400f2400a4270c25400f44
:106ef4002400a427251060027c00bf8f7800b38f84
:106f04007400b28f7000b18f6c00b08f0800e00382
:106f14008000bd27d6ff001044a610266a2c400f1f
:106f24000000000025384000019d063c7ca6c624d4
:106f340040000524072c400f2400a4270c25400ff3
:0c6f44002400a427ecff001025106002c0
:020000040000fa
:020000041d00dd
:106f500060ffbd279c00bfaf9800b5af9400b4aff1
:106f60009000b3af8c00b2af8800b1af6500c22c07
:106f7000070040108400b0af2590800025a8a00035
:106f800021108600012042280e0040142580c000f8
:106f9000019d043c0c25400fc0a98424251000004d
:106fa0009c00bf8f9800b58f9400b48f9000b38f72
:106fb0008c00b28f8800b18f8400b08f0800e0038e
:106fc000a000bd27020002241000a2a3f4ffc010fd
:106fd0000100022488bf143c2100022e020040144c
:106fe0002588000220001124ff0031320212120015
:106ff0001100a2a31200b2a3253020022528a0026e
:10700000c92b400f1300a4270227400f00000000e7
:1070100030628296c439027c306282a60300252643
:10702000182c400f1000a4270f00133c4042732679
:10703000a62b400f000000001c004054ffff7326e9
:107040003062829601000324c439627c306282a6d9
:107050007800a0af7800a28f0300033c80a96334be
:107060002b10430008004010251060007800a38f0b
:10707000010063247800a3af7800a38f2b1862006f
:10708000faff6014000000004627400f2380110221
:10709000ff00103221905102ffff5232ceff001646
:1070a00021a8b102beff001001000224e0ff60161b
:1070b000019d043c0c25400ff4a9842488bf023ca8
:1070c0003062439401000424c439837c306243a4b9
:0870d000b3ff001025100000c1
:020000040000fa
:020000041d00dd
:1070d800880002243f00a2108900a2281a0040104c
:1070e800810002245400a2108200a228050040104a
:1070f800800002245100a2500000e28c0800e00346
:1071080025100000820002243b00a2500000e28cff
:1071180084000224f9ffa214000000000000e28ca1
:10712800040043240000428c2700c0100000e3ac98
:107138002016027c000082acc3170200040082ac57
:107148000800e00301000224a00002243600a25037
:107158000000e28ca100a228100040109000022438
:10716800e6ffa214000000000000e28c07004224a1
:107178000410027c0000488c0400498c080042245a
:107188000000e2ac000088ac040089ac0100c0102b
:10719800010002240800e00300000000c0000224ef
:1071a8000500a2500000e28cf0000224d3ffa214d4
:1071b800000000000000e28c040043240000e3ac5f
:1071c800020000100000428cffff42302000001037
:1071d800000082ac0000e28c040043240000428cd2
:1071e8000300c0100000e3acd2ff00102014027ca2
:1071f800f6ff0010ff004230070042240410027c12
:107208000000488c0400498c080042240000e2accd
:10721800000088ac040089acdeffc0100100022425
:107228000800e00300000000040043240000e3ac71
:10723800c0ff00100000428c0000e28c04004324d0
:107248000000e3ac0000428cbbffc014000082ac1d
:08725800bbff0010040080ac34
:020000040000fa
:020000041d00dd
:1072600080bf023c1058428c080042301a00401087
:1072700000a0033ce05263241800628c0800638c79
:107280002b1843002d00601080bf033c0058638c16
:10729000000863301500601000a0033ce052638cce
:1072a00080200200211864000000648c80bf033c31
:1072b000205864ac0100422400a0033ce052632447
:1072c000180062ac0800638c0300621480bf023cab
:1072d0000c000324045843ac88bf023c4000032444
:1072e000441043ac0800e0030000000080bf033cf2
:1072f0000058638c000463300900601000a0033c58
:10730000e052638c40200200211864000000649465
:1073100080bf033c205864ace7ff0010010042240a
:10732000e052638c211862000000649080bf033c2f
:10733000205864ace0ff00100100422400a0033c90
:10734000e05263240800638ce3ff621480bf023cb8
:107350001058428c80004230dfff40104000022471
:1073600080bf033c145862ac88bf033c741062ac0d
:1073700000a0023ce05242241c0040a02000428cad
:10738000d5ff401000a0023ce8ffbd271400bfafae
:10739000e05242242400448c2000428c09f8400032
:1073a0000000000088bf023c40000324441043acae
:0c73b0001400bf8f0800e0031800bd2788
:020000040000fa
:020000041d00dd
:1073bc00c0ffbd272c00b1af258880002520c00060
:1073cc000400878c0000a28c3800b4afc2a7070061
:1073dc003400b3af3000b2af2800b0af3c00bfaf49
:1073ec002580a0000400a38c0800b28c2000a2af62
:1073fc000c00b38c3e0080120000c68c23300600bb
:10740c002b20060023380700080060042338e40012
:10741c004408027c050080162000a2af2000a28f39
:10742c00040043302a006010c000427cffff42265b
:10743c002000a3271800a3af0a0003241400a3af55
:10744c001000a2af941d400f2520000206008016ec
:10745c002d0003242000a38f040064301e00801034
:10746c00080063302b000324ffff4224212062021a
:10747c00000083a01000068e2000a38f2538400248
:10748c00ffffc6241000a3af2330c20021286202e4
:10749c00e521400f252020020400238e00016330db
:1074ac00040060103c00bf8f0400038e2a204300b0
:1074bc000b1064003800b48f3400b38f3000b28fdf
:1074cc002c00b18f2800b08f0800e0034000bd27ce
:1074dc00d7ff001023104202e6ff601020000424a6
:1074ec00ffff422421186202e2ff0010000064a09a
:1074fc00c8ff63044408027cc9ff00102000a28f5f
:020000040000fa
:020000041d00dd
:10750c0008ffbd27f400bfaff000b2afec00b1af85
:10751c006500c22c07004010e800b0af2580800049
:10752c002590a00021108600012042280b00401459
:10753c002588c000019d043c0c25400fc8a884245c
:10754c0025100000f400bf8ff000b28fec00b18f5b
:10755c00e800b08f0800e003f800bd2765000624a2
:10756c0025280000e92b400f1200a4270300022459
:10757c001000a2a3021210001100a2a31200b0a3cb
:10758c0088bf023c30624394c439037c306243a40c
:10759c00030025262538a0007800a627b514400f37
:1075ac001000a4270f00103c40421026a62b400fc1
:1075bc00000000001700401488bf023c3062439466
:1075cc0001000424c439837c306243a4e000a0afe2
:1075dc00e000a28f80bb03342b1043000800401046
:1075ec0025302002e000a28f01004224e000a2af6f
:1075fc00e000a28f2b104300faff4014253020022c
:10760c007b00a527c92b400f25204002cdff001081
:10761c0001000224ffff1026e4ff0016019d043c2c
:10762c000c25400f00a9842488bf023c306243948f
:10763c0001000424c439837c306243a4c1ff0010d0
:04764c002510000005
:020000040000fa
:020000041d00dd
:107650000400828cc0ffbd273800beaf2800b4af45
:107660002000b2af1c00b1af3c00bfaf3400b7afd9
:107670003000b6af2c00b5af2400b3af1800b0afe8
:107680002588c0002590e0005400b48f020041041a
:107690005800be8f010002241000908c0c00958cc5
:1076a0000000d78f5000b38fffff10262118b002c3
:1076b000000060a001000924234053000200f732bb
:1076c000c3b714001000001e251032022c002051f8
:1076d0000000c28f3c00bf8f251000023800be8f13
:1076e0003400b78f3000b68f2c00b58f2800b48fd0
:1076f0002400b38f2000b28f1c00b18f1800b08f10
:107700000800e0034000bd270700401421101301ca
:107710000600401c25202002ecff601a000000003b
:10772000eaffe01200000000252020022528400288
:10773000253080022538c0021400a8afe612400fa1
:10774000ffff10261000a2af2118b0023000422423
:107750002520200225284002000062a0253080025a
:10776000f711400f2538c002ffff7326258840001f
:10777000259060001400a88fd2ff00101000a98f80
:0c7780000421027cd3ff00100000c2af07
:020000040000fa
:020000041d00dd
:10778c0000a0023c785242242c004390ff0063304e
:10779c00460060142510000000a0023c78524224e0
:1077ac0014004290ff00423040004054251060000d
:1077bc003e008010000000000000838c3b00601035
:1077cc00060007240800868c0400c7140000000083
:1077dc000400878c3500e014000000000400a014a5
:1077ec0002290500dc02053c006ca52402290500d9
:1077fc00423803002128a7002b38a3002b00e014eb
:10780c00000000001b00a300f4016000122800001f
:10781c00ffffa5240100033c2b18a30023006010dc
:10782c000000000080bf023c1060438c80bf023c13
:10783c0000800734046047ac060002241400c21414
:10784c0080bf063c0060c28c060042340060c2acb3
:10785c0080bf063c0060c28c0400027c0c00848c4f
:10786c00251044000060c2ac80bf023c406045acb7
:10787c0080bf023c00800434086044ac001c6330c0
:10788c0080bf023c186043ac0800e00301000224f6
:10789c000060c28c4410027c0400878c25104700c9
:1078ac000060c2acebff001080bf063c0800e00398
:0478bc0000000000c8
:020000040000fa
:020000041d00dd
:1078c00000a0023cac5242242c004390ff006330e5
:1078d000460060142510000000a0023cac52422477
:1078e00014004290ff0042304000405425106000d8
:1078f0003e008010000000000000838c3b00601000
:10790000060007240800868c0400c714000000004d
:107910000400878c3500e014000000000400a0146f
:1079200002290500dc02053c006ca52402290500a3
:10793000423803002128a7002b38a3002b00e014b5
:10794000000000001b00a300f401600012280000ea
:10795000ffffa5240100033c2b18a30023006010a7
:107960000000000080bf023c1062438c80bf023cdc
:1079700000800734046247ac060002241400c214dd
:1079800080bf063c0062c28c060042340062c2ac7a
:1079900080bf063c0062c28c0400027c0c00848c18
:1079a000251044000062c2ac80bf023c406245ac7e
:1079b00080bf023c00800434086244ac001c633089
:1079c00080bf023c186243ac0800e00301000224bf
:1079d0000062c28c4410027c0400878c2510470092
:1079e0000062c2acebff001080bf063c0800e00361
:0479f0000000000093
:020000040000fa
:020000041d00dd
:1079f40000a0023c7852422414004290ff0042301e
:107a0400440040100000000000a0023c78524224d0
:107a14000400438c0800428c80bf043c1060848cba
:107a240000028430180080142b20430016008010bc
:107a340080bf053c80bf093c0600082400a0063c2a
:107a440080bf073c0060248d060084302b0088141e
:107a5400000000007852c48c4050020021208a00ab
:107a6400000084942060a4ac010042241060e48ce3
:107a7400000284300500801400a0043cf1ff62146d
:107a8400000000002510600000a0043c785284240b
:107a9400080082ac88bf023c00020524441045acb7
:107aa4000800828c2b1843001a00601400000000a8
:107ab40025108000140080a088bf033c0002042429
:107ac400741064ac0c00428c1200401000000000e2
:107ad400e8ffbd271400bfaf00a0023c7852422447
:107ae4001000448c0c00428c09f840000000000097
:107af4001400bf8f0800e0031800bd277852c48c1f
:107b040021208200000084902060a4acd7ff0010e4
:0c7b1400010042240800e0030000000013
:020000040000fa
:020000041d00dd
:107b200000a0023cac52422414004290ff004230bc
:107b3000440040100000000000a0023cac5242246f
:107b40000400438c0800428c80bf043c1062848c8b
:107b500000028430180080142b204300160080108f
:107b600080bf053c80bf093c0600082400a0063cfd
:107b700080bf073c0062248d060084302b008814ef
:107b800000000000ac52c48c4050020021208a004a
:107b9000000084942062a4ac010042241062e48cb2
:107ba000000284300500801400a0043cf1ff621440
:107bb000000000002510600000a0043cac528424aa
:107bc000080082ac88bf023c8000053c441045acf4
:107bd0000800828c2b1843001a006014000000007b
:107be00025108000140080a088bf033c8000043c66
:107bf000741064ac0c00428c1200401000000000b5
:107c0000e8ffbd271400bfaf00a0023cac524224e5
:107c10001000448c0c00428c09f840000000000069
:107c20001400bf8f0800e0031800bd27ac52c48cbd
:107c300021208200000084902062a4acd7ff0010b5
:0c7c4000010042240800e00300000000e6
:020000040000fa
:020000041d00dd
:107c4c00feff0924405005004058070025586401e8
:107c5c002558660125504b0103004015000000001b
:107c6c003c0000100000022402008010404005007f
:107c7c0001000825e0ff013c010021342b08010123
:107c8c0037002010000000000200c0104040070028
:107c9c0001000825e0ff013c010021342b08010103
:107cac002f002010000000001600a10400000000ae
:107cbc000300e0040000000026000010ffff022477
:107ccc002b508600232086002b58aa002328aa00bc
:107cdc002b50a70025504b01030040112328a7006f
:107cec001c000010010002242550a40003004011c8
:107cfc000000000017000010ffff02241500001008
:107d0c00000002240300e104000000001100001038
:107d1c00010002242b508600232086002b58aa0039
:107d2c002328aa002b50a70025504b01030040111b
:107d3c002328a70007000010ffff02242550a400f1
:107d4c00030040110000000002000010010002249a
:107d5c00000002240800e003000000000000000006
:0c7d6c00fcff00102510090000000000c2
:020000040000fa
:020000041d00dd
:107d7800feff0924405005004058070025586401bb
:107d88002558660125504b010300401500000000ee
:107d98003c00001000000224020080104040050052
:107da80001000825e0ff013c010021342b080101f6
:107db80037002010000000000200c01040400700fb
:107dc80001000825e0ff013c010021342b080101d6
:107dd8002f002010000000001600a1040000000081
:107de8000300e0040000000026000010ffff02244a
:107df8002b508600232086002b58aa002328aa008f
:107e08002b50a70025504b01030040112328a70041
:107e18001c000010010002242550a400030040119a
:107e28000000000017000010ffff022415000010da
:107e3800000002240300e10400000000110000100b
:107e4800010002242b508600232086002b58aa000c
:107e58002328aa002b50a70025504b0103004011ee
:107e68002328a70007000010ffff02242550a400c4
:107e7800030040110000000002000010010002246d
:107e8800000002240800e0030000000000000000d9
:0c7e9800fcff001001000234000000009c
:020000040000fa
:020000041d00dd
:107ea40000a0023c785242242c004290ff00423051
:107eb4004300401000a0023c785242241c00438c32
:107ec4002000428c80bf043c1060848c010084300c
:107ed400190080102b2043001700801000a0043ce0
:107ee40080bf093c0600082480bf063c78528424e5
:107ef40080bf073c0060258d0600a5302b00a81428
:107f0400000000003060ca8c1800858c40580200c4
:107f14002128ab000000aaa4010042241060e58cd3
:107f24000100a5300500a05000a0043cf1ff62143c
:107f3400000000002510600000a0043c7852842456
:107f4400200082ac88bf023c00010524441045aceb
:107f54002000828c2b184300190060142510800027
:107f64002c0080a088bf033c80000424741064acff
:107f740000010424741064ac2400428c10004010ee
:107f840000a0023ce8ffbd271400bfaf7852422492
:107f94002800448c2400428c09f8400000000000b2
:107fa4001400bf8f0800e0031800bd273060ca8c9e
:107fb4001800858c2128a200d7ff00100000aaa079
:087fc4000800e00300000000ca
:020000040000fa
:020000041d00dd
:107fcc0000a0023cac5242242c004290ff004230f4
:107fdc004300401000a0023cac5242241c00438cd5
:107fec002000428c80bf043c1062848c01008430e1
:107ffc00190080102b2043001700801000a0043cb7
:10800c0080bf093c0600082480bf063cac52842487
:10801c0080bf073c0062258d0600a5302b00a814fc
:10802c00000000003062ca8c1800858c4058020099
:10803c002128ab000000aaa4010042241062e58ca8
:10804c000100a5300500a05000a0043cf1ff621413
:10805c00000000002510600000a0043cac528424f9
:10806c00200082ac88bf023c4000053c441045ac6b
:10807c002000828c2b1843001900601425108000fe
:10808c002c0080a088bf033c2000043c741064ac1e
:10809c004000043c741064ac2400428c100040106e
:1080ac0000a0023ce8ffbd271400bfafac52422435
:1080bc002800448c2400428c09f840000000000089
:1080cc001400bf8f0800e0031800bd273062ca8c73
:1080dc001800858c2128a200d7ff00100000aaa050
:0880ec000800e00300000000a1
:020000040000fa
:020000041d00dd
:1080f40000e85d4100701a4000601b4088ffbd2706
:108104007400baaf02601a407000bbaf6c00baaf23
:1081140044781b7c00047b3700609b405c00bfaf4d
:108124005800beaf5400b9af5000b8af4c00afaf69
:108134004800aeaf4400adaf4000acaf3c00abafc5
:108144003800aaaf3400a9af3000a8af2c00a7af05
:108154002800a6af2400a5af2000a4af1c00a3af45
:108164001800a2af1400a1af121000006400a2af67
:10817400101800006000a3af25f0a0030d29400fe4
:108184000000000025e8c0036400a28f1300400033
:108194006000a38f110060005c00bf8f5800be8f89
:1081a4005400b98f5000b88f4c00af8f4800ae8f89
:1081b4004400ad8f4000ac8f3c00ab8f3800aa8fd9
:1081c4003400a98f3000a88f2c00a78f2800a68f19
:1081d4002400a58f2000a48f1c00a38f1800a28f59
:1081e4001400a18f00606041c00000007400ba8fc9
:1081f4007000bb8f00709a406c00ba8f7800bd2766
:1082040002609a4000e8dd4100609b401800004293
:020000040000fa
:020000041d00dd
:1082140000e85d4100701a4000601b4088ffbd27e4
:108224007400baaf02601a407000bbaf6c00baaf02
:1082340044781b7c00047b3700609b405c00bfaf2c
:108244005800beaf5400b9af5000b8af4c00afaf48
:108254004800aeaf4400adaf4000acaf3c00abafa4
:108264003800aaaf3400a9af3000a8af2c00a7afe4
:108274002800a6af2400a5af2000a4af1c00a3af24
:108284001800a2af1400a1af121000006400a2af46
:10829400101800006000a3af25f0a0030326400fd0
:1082a4000000000025e8c0036400a28f1300400012
:1082b4006000a38f110060005c00bf8f5800be8f68
:1082c4005400b98f5000b88f4c00af8f4800ae8f68
:1082d4004400ad8f4000ac8f3c00ab8f3800aa8fb8
:1082e4003400a98f3000a88f2c00a78f2800a68ff8
:1082f4002400a58f2000a48f1c00a38f1800a28f38
:108304001400a18f00606041c00000007400ba8fa7
:108314007000bb8f00709a406c00ba8f7800bd2744
:1083240002609a4000e8dd4100609b401800004272
:020000040000fa
:020000041d00dd
:1083340000e85d4100701a4000601b4088ffbd27c3
:108344007400baaf02601a407000bbaf6c00baafe1
:1083540044781b7c00047b3700609b405c00bfaf0b
:108364005800beaf5400b9af5000b8af4c00afaf27
:108374004800aeaf4400adaf4000acaf3c00abaf83
:108384003800aaaf3400a9af3000a8af2c00a7afc3
:108394002800a6af2400a5af2000a4af1c00a3af03
:1083a4001800a2af1400a1af121000006400a2af25
:1083b400101800006000a3af25f0a003d628400fda
:1083c4000000000025e8c0036400a28f13004000f1
:1083d4006000a38f110060005c00bf8f5800be8f47
:1083e4005400b98f5000b88f4c00af8f4800ae8f47
:1083f4004400ad8f4000ac8f3c00ab8f3800aa8f97
:108404003400a98f3000a88f2c00a78f2800a68fd6
:108414002400a58f2000a48f1c00a38f1800a28f16
:108424001400a18f00606041c00000007400ba8f86
:108434007000bb8f00709a406c00ba8f7800bd2723
:1084440002609a4000e8dd4100609b401800004251
:020000040000fa
:020000041d00dd
:1084540000e85d4100701a4000601b4088ffbd27a2
:108464007400baaf02601a407000bbaf6c00baafc0
:1084740044781b7c00047b3700609b405c00bfafea
:108484005800beaf5400b9af5000b8af4c00afaf06
:108494004800aeaf4400adaf4000acaf3c00abaf62
:1084a4003800aaaf3400a9af3000a8af2c00a7afa2
:1084b4002800a6af2400a5af2000a4af1c00a3afe2
:1084c4001800a2af1400a1af121000006400a2af04
:1084d400101800006000a3af25f0a0032926400f68
:1084e4000000000025e8c0036400a28f13004000d0
:1084f4006000a38f110060005c00bf8f5800be8f26
:108504005400b98f5000b88f4c00af8f4800ae8f25
:108514004400ad8f4000ac8f3c00ab8f3800aa8f75
:108524003400a98f3000a88f2c00a78f2800a68fb5
:108534002400a58f2000a48f1c00a38f1800a28ff5
:108544001400a18f00606041c00000007400ba8f65
:108554007000bb8f00709a406c00ba8f7800bd2702
:1085640002609a4000e8dd4100609b401800004230
:020000040000fa
:020000041d00dd
:108574004300801025100000d8ffbd272400bfafa2
:108584002000b3af1c00b2af1800b1af1400b0affd
:108594000000918c0f00033c414263242b182302fa
:1085a4002c0060102580a0000300a014000000002f
:1085b400dc02103c006c1026bf2a400f252020024c
:1085c400019d123c252840008318400fa0b2448e20
:1085d400019d033ca4b2658ce517400f25204000a3
:1085e40025984000bf2a400f25200002019d033c2e
:1085f400a8b2658c8e1a400f252040002528400023
:108604008e1a400f25206002a0b2458ee517400f58
:10861400252040004528400f25204000252040000b
:10862400fcff4324fc0f632c0a006010251000009b
:1086340080bf023c405044ac0600023c801a4224f5
:108644000b0022160002032480bf023c045043acfa
:10865400010002242400bf8f2000b38f1c00b28fbe
:108664001800b18f1400b08f0800e0032800bd2764
:1086740080bf023c085043acf6ff00100100022406
:088684000800e0030000000003
:020000040000fa
:020000041d00dd
:10868c000080013c2430a10040380500423d070029
:10869c00ff0701242b00e110000000003304092423
:1086ac00233827013500e12c0b00201400000000ba
:1086bc002000e004000000002d00c01000000000ad
:1086cc004048050025482401260020150000000024
:1086dc0027000010000000000500c0100000000082
:1086ec002b48040023200400232805002328a9007c
:1086fc001f00e93001000824044028012340080031
:10870c002000e12c040020140000000000000424d0
:10871c00020000102428a800242088000500c010a6
:10872c00000000002b48040023200400232805002f
:10873c002328a90025100400251805000800e003d3
:10874c00000000000f00013cffff21342448a10071
:10875c00254824010900201500000000f5ff001039
:10876c0000000000f0bf053cf2ff001000000424e4
:10877c0025280600efff001000000424f8ff053c3c
:08878c00ecff001000000424c2
:020000040000fa
:020000041d00dd
:10879400c0ffbd272c00b3af5000b38f3800b6af75
:1087a4003000b4af010073322800b2af2400b1af7f
:1087b4002000b0af3c00bfaf3400b5af25908000bf
:1087c40025b0a0002580c0002588e00003006016c5
:1087d4002ba0c7001300805623a0300225300002ce
:1087e4002528c002aa29400f252040020d0080162a
:1087f40023a03002258800023c00bf8f25102002f0
:108804003800b68f3400b58f3000b48f2c00b38f8e
:108814002800b28f2400b18f2000b08f0800e0033d
:108824004000bd271100862e100002240b10860282
:1088340025304000200005241000a427e92b400f18
:1088440025a880021000a22e0b0040100f008632d3
:108854001000a527aa29400f25204002e6ff601634
:10886400253000022528c002aa29400f25204002f5
:10887400e2ff00103c00bf8f100006241000a52763
:10888400aa29400f25204002eeff0010f0ffb52674
:020000040000fa
:020000041d00dd
:10889400c03a0500425d04002538eb00c0320400f4
:1088a4000080013c2538e1000080013c2448a100ff
:1088b400404005004245080080fc0825ffff0b25c9
:1088c400fe00612d12002010000000000200c01004
:1088d400000000000100e7348000e7248000eb2c56
:1088e40021400b01025a070001006b312338eb00d1
:1088f40040380700423a0700c05d08002538eb0005
:108904002510e9000800e00300000000000000005a
:108914007f040124070001150000000040580700ef
:10892400255866010300601100000000f5ff0010e7
:10893400c0ff023cff0001290400201400000000d5
:10894400807f013cefff00102510210101000a2463
:10895400235048012000412d030020140000000092
:10896400e8ff00102510090020000c2423608a0170
:10897400045887012530cb0006384701000008243d
:108984000080013cd1ff00102538e1000000000008
:020000040000fa
:020000041d00dd
:108994001000a38f80bf023c1050488c00a0023c02
:1089a4004052422424004a8c0a0009243500491507
:1089b40025100000080008313200001500000000f6
:1089c4000300a010000000002400c05400a0023cda
:1089d4002c00e010251000002a00601000000000a8
:1089e40000a0023c405244a440524224080047ac38
:1089f400100043ac040045ac0c0046ac140040ac81
:108a0400180040ac1000a01000a0023c0e00c010e2
:108a14000000000040524224200040ac00a0023c70
:108a240040524224280040ac01000324240043acfb
:108a34001800a3931d0043a01c00a3931e0043a091
:108a44000800e003010002244052422401000324f0
:108a5400200043acf2ff001000a0023c405244a4aa
:108a640040524224080047ac100043ac040045ac1b
:108a74000c0046ac140040ac180040ace5ff0010fc
:0c8a840000a0023c0800e003000000001d
:020000040000fa
:020000041d00dd
:108a9000e0ffbd271400b1af2588c0000004c62840
:108aa0001c00bfaf1800b2af1f00c0141000b0af61
:108ab000019d123c90b2468e94b2478e9215400fa3
:108ac00001fc30260004042a0900801490b2468e6e
:108ad00094b2478e25204000252860009215400f53
:108ae00002f830260004052aff0304240a808500ca
:108af000ff03102600251000252800002530a000c7
:108b000025388000252860009215400f2520400060
:108b10001c00bf8f1800b28f1400b18f1000b08fef
:108b20000800e0032000bd2702fc262a2510800053
:108b30002518a000eeffc01025802002019d123ce8
:108b400098b2468e9cb2478e9215400fc9033026cc
:108b500002fc042ae6ff801098b2468e9cb2478e33
:108b600025204000252860009215400f92073026ee
:108b700002fc052a02fc0424ddff00100b808500a6
:020000040000fa
:020000041d00dd
:108b8000840002242200a2500000e28c8500a2286a
:108b900010004010810002240800a2500000e28c66
:108ba000820002242700a2500000e28c80000224f0
:108bb0001000a214000000000000e28c0400432416
:108bc0000000e3ac0000428c000082ac15000010f5
:108bd000000046ac900002241a00a2500000e28c73
:108be0009100a22805004010880002240f00a25026
:108bf0000000e28c0800e00325100000a000022421
:108c0000eeffa2500000e28ce9ff0010c000022439
:108c1000040043240000e3ac0000428c000082ac5e
:108c2000000046a40800e0030100022404004324dd
:108c30000000e3ac0000428c000082acf9ff0010a1
:108c4000000046a0040043240000e3ac0000428c76
:108c5000000082ac000046acc3370600f1ff0010f4
:048c6000040046ac1a
:020000040000fa
:020000041d00dd
:108c6400a8ffbd270400a1af0800a2af0c00a3af6a
:108c74001000a4af1400a5af1800a6af1c00a7af46
:108c84002000a8af2400a9af2800aaaf2c00abafe6
:108c94003000acaf3400adaf3800aeaf3c00afaf86
:108ca4004000b8af4400b9af4800bfaf1240000065
:108cb4004c00a8af104000005000a8af019d1a3c22
:108cc40078b15a27000000000068044000600540a5
:108cd40009f84003000000005000a88f11000001b3
:108ce4004c00a88f130000010400a18f0800a28f7c
:108cf4000c00a38f1000a48f1400a58f1800a68f5a
:108d04001c00a78f2000a88f2400a98f2800aa8ff9
:108d14002c00ab8f3000ac8f3400ad8f3800ae8f99
:108d24003c00af8f4000b88f4400b98f4800bf8f1c
:0c8d34005800bd27c000000018000042dd
:020000040000fa
:020000041d00dd
:108d4000220080102510000000a0023c785242242e
:108d500014004390ff0063301c00601425100000d5
:108d600000a0023c785244ac78524224040045ac46
:108d7000080040ac01000324140043a00800438c09
:108d80000400498c80bf083c80bf073c06000624d5
:108d900000a0053c80bf043c1060028d0002423000
:108da0000400401400a0023c2b106900090040148c
:108db00000a0023c78524224080043ac88bf023c29
:108dc00000020324781043ac010002240800e003f1
:108dd000000000000060e28c0600423008004614eb
:108de000000000007852a28c4050030021104a007d
:108df00000004294206082ace7ff00100100632471
:108e00007852a28c2110430000004290206082ac76
:088e1000e1ff001001006324e2
:020000040000fa
:020000041d00dd
:108e1800220080102510000000a0023cac52422421
:108e280014004390ff0063301c00601425100000fc
:108e380000a0023cac5244acac524224040045ac05
:108e4800080040ac01000324140043a00800438c30
:108e58000400498c80bf083c80bf073c06000624fc
:108e680000a0053c80bf043c1062028d0002423025
:108e78000400401400a0023c2b10690009004014b3
:108e880000a0023cac524224080043ac88bf023c1c
:108e98008000033c781043ac010002240800e00382
:108ea800000000000062e28c060042300800461410
:108eb80000000000ac52a28c4050030021104a0070
:108ec80000004294206282ace7ff00100100632496
:108ed800ac52a28c2110430000004290206282ac68
:088ee800e1ff0010010063240a
:020000040000fa
:020000041d00dd
:108ef000c0ffbd273800b1af3400b0af3c00bfaffa
:108f00002588a0000000a5800400a0102580800016
:108f10000100228209004054252800002824400f27
:108f2000252000023c00bf8f231050003800b18f75
:108f30003400b08f0800e0034000bd272000062465
:108f4000e92b400f1000a427010005240000228215
:108f50001a0040101000a4270000239201003126bf
:108f60004211030080100200211082000000448c96
:108f70000418650025186400f4ff0010000043acdd
:108f80000100422400004380e6ff6010ff006330d0
:108f900042210300802004001000a6272120c400e5
:108fa0000000848c0418650024186400f4ff60102d
:108fb0003c00bf8fddff0010231050002510000281
:088fc000f0ff00100100052480
:020000040000fa
:020000041d00dd
:108fc800c0ffbd273800b1af3400b0af258880009e
:108fd8002580a00020000624252800003c00bfaf03
:108fe800e92b400f1000a42700000382090060103d
:108ff80025100000010002820b0040140100052426
:109008002510200200004480feff83500100422406
:10901800231051003c00bf8f3800b18f3400b08f4f
:109028000800e0034000bd27000003921000a427b9
:109038000100102642110300801002002110820056
:109048000000448c0418650025186400000043ac37
:1090580000000282f4ff40142510200201000524bc
:1090680000004380eaff60101000a627ff0063306d
:1090780042210300802004002120c4000000848cc9
:109088000418650024186400e2ff605023105100a2
:08909800f3ff00100100422467
:020000040000fa
:020000041d00dd
:1090a000e8ffbd27ff00a5301000b0af1400bfaf30
:1090b0000f00a01425808000b22b400f000000009c
:1090c000218002021400bf8f251000021000b08f13
:1090d0000800e0031800bd2700000282f9ff4010dd
:1090e000ff004230f8ff45101400bf8f010010262a
:1090f00003000232f8ff40140101043c0101842402
:109100000220a470fefe073c8080083cfffee7348e
:10911000808008350000038e26306400211067002f
:1091200027180300241043002118c7002730060029
:10913000243066002510460024104800f5ff4050fa
:109140000400102600000282deff4010ff004230c3
:10915000ddff45101400bf8ffaff0010010010263c
:020000040000fa
:020000041d00dd
:109160000000a28c0400a38cc0ffbd273800b3af61
:109170003400b2af3000b1af2c00b0af3c00bfaf95
:10918000258880002580a0000800b28c2000a2afb6
:10919000030060040c00b38c4408027c2000a2afe2
:1091a0002000a2271800a2af0a0002241400a2afd8
:1091b0001000b2af0400c78c0000c68c941d400f95
:1091c000252000021000068e2000a38f25384002c3
:1091d000ffffc6241000a3af2330c2002128620283
:1091e000e521400f252020020400238e000163307a
:1091f000040060103c00bf8f0400038e2a2043004f
:109200000b1064003800b38f3400b28f3000b18f80
:0c9210002c00b08f0800e0034000bd27d8
:020000040000fa
:020000041d00dd
:10921c002b008010251000000000838c28006010ab
:10922c00000000000300a01400000000dc02053c5c
:10923c00006ca5241b00a300f401600012100000b8
:10924c00423002000400027c1b00a200f40140002a
:10925c0012100000231043000100c72440380700ff
:10926c001b00a700f401e000122800002328650071
:10927c002b10a2000100422c2330c2000020c32c72
:10928c000f0060102510000080bf023c305846ac27
:10929c0080bf053c0058a38c0800828c0400868c8f
:1092ac0025104600bff20624241866002510430042
:1092bc000c00838c251043000058a2ac0100022442
:0892cc000800e00300000000af
:020000040000fa
:020000041d00dd
:1092d400040000a00200000000000000080000a03c
:1092e4000800000000000000000000a001000000d1
:1092f4000100000001000000100000a005000000b3
:1093040000000000180000a005000000000000009c
:10931400a05100a0a0000000000000001d0000a05b
:109324000100000000000000204000a00010000028
:1093340000000000200000a0004000000000000029
:10934400205000a08001000000000000785200a01e
:109354006800000000000000405200a03800000037
:1093640000000000e05200a03000000000000000f7
:109374000000000066666666666666666666666621
:020000040000fa
:020000041d00dd
:10938400c23d0400ff00e7300080013c243081002e
:10939400ffffe924fe00212d0d0020100000000035
:1093a4008003e724404a0400024b09002530c90029
:1093b400402f0400004d07002530c900251005008a
:1093c400251806000800e00300000000000000006b
:1093d4000000052421208400f6ff80100000000016
:1093e4000900e01400000000ffffe72421208400ae
:1093f4008000013c2b088100fbff201400000000ca
:10940400e7ff001000000000ff07072400ff013cf5
:10941400010021342b088100e6ff20140000000025
:0c942400e4ff0010f8ff063c0000000010
:020000040000fa
:020000041d00dd
:10943000e0ffbd271c00bfaf1800b2af1400b1aff2
:109440001000b0afb22b400f25908000ff1f512cb1
:10945000fe1f03240b1851002588600000a0103c5b
:10946000202010262530600025284002c92b400fff
:1094700025200002211030020d000324000043a02b
:109480000a000324010043a0020025265023400fb8
:10949000252000020a0040100f00103c4142102617
:1094a0008c2c400f0000000003004010ffff10262e
:1094b000fbff0016000000004c2c400f00000000d5
:1094c0001c00bf8f1800b28f1400b18f1000b08f36
:0894d0000800e0032000bd27a5
:020000040000fa
:020000041d00dd
:1094d80081bf023c0111032440f243ac81bf023c2e
:1094e8000700032450f243ac81bf033c1f00023c39
:1094f8001f00422460f262ac81bf023c1f000324bb
:1095080070f243ac81bf033c0201023c00024224da
:1095180080f262ac81bf033c0100023c010042249e
:1095280090f262ac81bf023c30f240ac99aa033c95
:109538005566632430f243ac6655033caa996334fc
:1095480030f243ac81bf033c0080043428f064aca3
:109558003333033c3333632430f243ac81bf033ce1
:1095680000f0628c4001427cfdff401000000000ca
:089578000800e0030000000000
:020000040000fa
:020000041d00dd
:10958000e0ffbd271800b1af028d0700ff072532ad
:109590001400b0af1c00bfaf258080002510c000b4
:1095a0000e00a0142520e000019d023c2540c000d3
:1095b0002518e000a0b0468ca4b0478c25200001ff
:1095c0009215400f25286000252060000055637c1f
:1095d0000200601000080524c1ff6524c2370200a4
:1095e00040180400401002002518c3001c00bf8f63
:1095f000000002ae00a0637c2000023c251843005e
:1096000000083132ccfba5240c0011ae251000025d
:10961000040003ae080005ae1800b18f1400b08f2f
:089620000800e0032000bd2753
:020000040000fa
:020000041d00dd
:10962800e0ffbd271800b2af1400b1af1c00bfaff8
:109638001000b0af2590a0001400801400a0113cc9
:109648000853308e0b0000121c00bf8f252000022b
:10965800f223400f252840022180020200000282e6
:109668000c00405425284002085320ae25800000f5
:109678001c00bf8f251000021800b28f1400b18f94
:109688001000b08f0800e0032000bd27efff001096
:1096980025808000bc23400f2520000221100202f3
:1096a8000000438005006010085322ae01004324e7
:1096b800085323aeeeff0010000040a0ecff00109e
:0496c800085320ae75
:020000040000fa
:020000041d00dd
:1096cc00756c033cc8ffbd27286e63241800a3af3c
:1096dc006c2903242800b2af2000b0af3400bfaf18
:1096ec003000b4af2c00b3af2400b1af2590800094
:1096fc002510e0001c00a3a71e00a0a30200c010b0
:10970c001800b0272580c0000400b18c0800b38c71
:10971c00030040140000b48cb22b400f2520000233
:10972c00020020062b1822020b1023021000b4afeb
:10973c00253860022528000225204002e521400f33
:10974c00253040003400bf8f3000b48f2c00b38f15
:10975c002800b28f2400b18f2000b08f0800e003e6
:04976c003800bd27dd
:020000040000fa
:020000041d00dd
:10977000d8ffbd272400bfaf050002241000a2a31c
:10978000ffff02241100a2a388bf023c3062439471
:10979000c439037c306243a4020007241400a627c6
:1097a00002000524b514400f1000a427a62b400f7b
:1097b00000000000fdff401488bf023c306243946b
:1097c00001000424c439837c306243a41800a0af94
:1097d0001800a28f80bb03342b10430008004010f8
:1097e0001500a2931800a28f010042241800a2af16
:1097f0001800a28f2b104300faff40141500a2930b
:0c9800002400bf8f0800e0032800bd27f3
:020000040000fa
:020000041d00dd
:10980c00e8ffbd271400bfaf88bf023c7010428c2c
:10981c0088bf033c4010638c8000633005006010ef
:10982c00800042300400401088bf023c9e28400f4c
:10983c000000000088bf023c7010428c88bf033cc3
:10984c004010638c00016330050060100001423051
:10985c000400401088bf023ca91f400f000000000c
:10986c0088bf023c7010428c88bf033c4010638c54
:10987c00000263300500601000024230040040100a
:10988c001400bf8f7d1e400f000000001400bf8f1e
:08989c000800e0031800bd27dd
:020000040000fa
:020000041d00dd
:1098a400e8ffbd271400bfaf88bf023c7010428c94
:1098b40088bf033c4010638c4005637c0500601046
:1098c4004005427c0400401088bf023cba28400f87
:1098d4000000000088bf023c7010428c88bf033c2b
:1098e4004010638c8005637c050060108005427c19
:1098f4000400401088bf023cf31f400f000000002a
:1099040088bf023c7010428c88bf033c4010638cbb
:10991400c005637c05006010c005427c0400401053
:109924001400bf8fc81e400f000000001400bf8f3a
:089934000800e0031800bd2744
:020000040000fa
:020000041d00dd
:10993c00d8ffbd272400bfaf2000b0af019d043c71
:10994c000c25400f74a58424df000524712b400fd7
:10995c00d80404241800a0af1400a0af1000a0afce
:10996c0001000724010006240100053c00c2a534b7
:10997c00ac2a400f3d00042409004014258040000f
:10998c00019d043c0c25400f94a584242510000255
:10999c002400bf8f2000b08f0800e0032800bd27f3
:1099ac00019d043c0c25400fb8a584246e01043c99
:1099bc00262b400f00368424f5ff001025100002e2
:020000040000fa
:020000041d00dd
:1099cc00210080102510000000a0023c7852422497
:1099dc002c004390ff0063301b0060142510000026
:1099ec00e0ffbd271c00bfaf1800b1af1400b0af33
:1099fc002588a0006428400f2580800000a0023c30
:109a0c0078524224180050ac1c0051ac200040ace1
:109a1c00010003242c0043a0300040ac88bf023c62
:109a2c0080000324781043ac00010324781043ac6d
:109a3c00010002241c00bf8f1800b18f1400b08fde
:109a4c000800e0032000bd270800e0030000000030
:020000040000fa
:020000041d00dd
:109a5c00210080102510000000a0023cac524224d2
:109a6c002c004390ff0063301b0060142510000095
:109a7c00e0ffbd271c00bfaf1800b1af1400b0afa2
:109a8c002588a0008128400f2580800000a0023c82
:109a9c00ac524224180050ac1c0051ac200040ac1d
:109aac00010003242c0043a0300040ac88bf023cd2
:109abc002000033c781043ac4000033c781043acce
:109acc00010002241c00bf8f1800b18f1400b08f4e
:109adc000800e0032000bd270800e00300000000a0
:020000040000fa
:020000041d00dd
:109aec00c03a0500425504002538ea000080013ccc
:109afc002538e1004050050042550a001e0406249a
:109b0c002330ca000c00c018000000002000c12c3b
:109b1c000200201400000000000007340200a10421
:109b2c000638c70023380700251007000800e0039b
:109b3c000000000000000000020080100000000087
:109b4c000100a534f07f013c010021342b08a10059
:109b5c000300201400000000f4ff00100080023c01
:109b6c00ff7f023cf1ff0010ffff423400000000b9
:020000040000fa
:020000041d00dd
:109b7c00c03a0500425504002538ea000080013c3b
:109b8c002538e1004050050042550a001e04062409
:109b9c002330ca000c00c004000000002000c12cbf
:109bac000200201400000000000007340200a10491
:109bbc000638c70023380700251007000800e0030b
:109bcc0000000000000000000200801000000000f7
:109bdc000100a534f07f013c010021342b08a100c9
:109bec000300201400000000f4ff00100080023c71
:0c9bfc00f2ff0010ffff02240000000038
:020000040000fa
:020000041d00dd
:109c0800e0ffbd271c00bfaf060002241000a2a37e
:109c180088bf023c30624394c439037c306243a459
:109c280001000524182c400f1000a427a62b400f74
:109c380000000000fdff401488bf023c30624394de
:109c480001000424c439837c306243a41400a0af0b
:109c58001400a28f80bb03342b104300080040106f
:109c68001c00bf8f1400a28f010042241400a2af71
:109c78001400a28f2b104300faff40141c00bf8f62
:089c88000800e0032000bd27e5
:020000040000fa
:020000041d00dd
:109c900088bf033c10000524741065ac2000042428
:109ca000741064ac40000224741062ac80bf033caa
:109cb000005860ac80bf033c2058638c88bf033cd5
:109cc000441065ac441064ac441062ac80bf033ceb
:109cd00017000424305864ac80bf033c145862acb5
:109ce00080bf033c0110023c20014224085862acb2
:109cf00005000224085862ac00a0023ce052422455
:109d00001c0040a0200040ac00800234085862ac27
:089d10000800e0030000000060
:020000040000fa
:020000041d00dd
:109d1800e0ffbd271c00bfaf1800b0af0f00103c1c
:109d280040421026dc25400f0000000001004230b0
:109d38000600401000000000ffff1026f9ff001683
:109d4800019d043c0c25400f08b284241000a0afec
:109d58001000a28f0300033c80a963342b1043003a
:109d6800090040101c00bf8f251060001000a38f51
:109d7800010063241000a3af1000a38f2b1862000a
:109d8800faff60141c00bf8f1800b08f0800e003b2
:049d98002000bd27c3
:020000040000fa
:020000041d00dd
:109d9c0080bf023c006040ac80bf023c00940334a6
:109dac00186043ac80bf023c19000324406043acf4
:109dbc0088bf023c80000324741043ac00010324d0
:109dcc00741043ac00020324741043ac00a0033c99
:109ddc0078526224180040ac1c0040ac200040ac0f
:109dec002c0040a0240040ac785260ac040040ac85
:109dfc00080040ac140040a00c0040ac300040ac5b
:109e0c0080bf023c00800334086043ac0800e003d0
:049e1c000000000042
:020000040000fa
:020000041d00dd
:109e200080bf023c006240ac80bf023c009403341f
:109e3000186243ac80bf023c19000324406243ac6b
:109e400088bf023c2000033c741043ac4000033c3c
:109e5000741043ac8000033c741043ac00a0033c7e
:109e6000ac526224180040ac1c0040ac200040ac56
:109e70002c0040a0240040acac5260ac040040accc
:109e8000080040ac140040a00c0040ac300040acd6
:109e900080bf023c00800334086243ac0800e0034a
:049ea00000000000be
:020000040000fa
:020000041d00dd
:109ea400c8ffbd27ffff03241000a3af0201032452
:109eb4002510a0003400bfaf2528c0001400a3afb4
:109ec400020080142530e0002c00a4271800a4af61
:109ed4001c00a2af0200401025180000ffff43241d
:109ee400080041042000a3af00a0023c4f0003245b
:109ef4000c5343acffff02243400bf8f0800e0037f
:109f04003800bd272800a4af2400a4af000080a01f
:109f1400442b400f1000a427f8ff00103400bf8f1b
:020000040000fa
:020000041d00dd
:109f240000a0023c40524224340043900004042424
:109f340080bf053c1450a4ac88bf053c4410a4acbd
:109f44000a000424240044ac02000424280044ac85
:109f54002c00428c0f00401000000000ff00633012
:109f64000c00601400000000e8ffbd271400bfaf20
:109f740000a0023c405242243000448c2c00428c0d
:109f840009f84000000000001400bf8f0800e0033f
:0c9f94001800bd270800e00300000000da
:020000040000fa
:020000041d00dd
:109fa000e8ffbd271400bfaf00606241c0000000a1
:109fb0003625400f000000000080024003004234bc
:109fc00000808240c000000088bf023c0020438c1b
:109fd000010004248431837c002043ac7729400fa6
:109fe00000000000f228400f000000006727400f2b
:109ff000000000008827400f000000002427400fc9
:10a0000000000000352b400f00000000206062417e
:0ca010001400bf8f0800e0031800bd27fb
:020000040000fa
:020000041d00dd
:10a01c000800e003000000002518e003019d043c4b
:10a02c00d492842416008010000000000000858c5f
:10a03c001300a010040084240000868c04008424e7
:10a04c0000008b8404008424019d0c3c6cb28c2594
:10a05c0080580b0021606c0100008c8d09f8800188
:10a06c00000000002520400003008424fcff06248f
:10a07c002420c4000000858cecffa014000000001c
:0ca08c0025f860000800e0030000000060
:020000040000fa
:020000041d00dd
:10a0980020000524000082800d004510f7ff4324ae
:10a0a8000500632c0a0060142b0003240a004310e7
:10a0b8002d00032403004314252800000100052473
:10a0c8000100842425100000070000100a0007245e
:10a0d800f0ff001001008424f9ff0010252800007b
:10a0e800010084242310430000008380d0ff6324f0
:10a0f8000a00662cfaffc054021047700100a050f5
:0ca10800231002000800e003000000002b
:020000040000fa
:020000041d00dd
:10a11400002a04000080013c2528a100c23d04005f
:10a12400ff00e7309e0006242330c7000d00c00462
:10a13400000000002000c1280300201400000000db
:10a144000500001000000224020081040628c50056
:10a1540023280500251005000800e0030000000086
:10a1640000000000807f013c010021342b088100a5
:10a174000300201400000000f7ff00100080023ce0
:0ca18400f5ff0010ffff022400000000a7
:020000040000fa
:020000041d00dd
:10a1900080bf023c1060428c0e004230170040101d
:10a1a00080bf023c1060428c02004230030040102d
:10a1b00080bf023c02000324146043ac80bf023c19
:10a1c0001060428c010042300700401080bf033c09
:10a1d00080bf043c3060828c1060628c0100423091
:10a1e000fcff40140000000088bf023c80000324f4
:10a1f000441043ac00010324441043ac0800e003c6
:04a20000000000005a
:020000040000fa
:020000041d00dd
:10a2040080bf023c1062428c0e00423017004010a6
:10a2140080bf023c1062428c0200423003004010b6
:10a2240080bf023c02000324146243ac80bf023ca2
:10a234001062428c010042300700401080bf033c92
:10a2440080bf043c3062828c1062628c0100423018
:10a25400fcff40140000000088bf023c2000033cc7
:10a26400441043ac4000033c441043ac0800e003fa
:04a2740000000000e6
:020000040000fa
:020000041d00dd
:10a27800e8ffbd271400bfaf1000b0af80bf023c9d
:10a288001060428c0e00423000a0103c785210261c
:10a29800300002ae88bf023c80000324741043ac37
:10a2a80000010324741043ac2c0000a26428400f62
:10a2b800000000002400028e060040101400bf8f2a
:10a2c8002800048e2400028e09f8400000000000d7
:10a2d8001400bf8f1000b08f0800e0031800bd27de
:020000040000fa
:020000041d00dd
:10a2e800e8ffbd271400bfaf1000b0af80bf023c2d
:10a2f8001062428c0e00423000a0103cac52102676
:10a30800300002ae88bf023c2000033c741043ac0e
:10a318004000033c741043ac2c0000a28128400f7d
:10a32800000000002400028e060040101400bf8fb9
:10a338002800048e2400028e09f840000000000066
:10a348001400bf8f1000b08f0800e0031800bd276d
:020000040000fa
:020000041d00dd
:10a35800e8ffbd271400bfaf88bf023c7010438cd4
:10a368007010428c88bf043c4010848c00048430f8
:10a3780008008010000463300700601088bf033ca9
:10a38800c927400f000000001400bf8f0800e00339
:10a398001800bd2788bf033c4010638c0010633051
:10a3a800f9ff601000104230f8ff40501400bf8fd2
:10a3b800ee09400f00000000f4ff00101400bf8fea
:020000040000fa
:020000041d00dd
:10a3c80088bf023c00100424741044ac0004032429
:10a3d800741043ac80bf023cdb010524405045acff
:10a3e80080bf023c00200524045045ac000205242f
:10a3f800045045ac00010524045045ac88bf023c1c
:10a40800441044ac441043ac80bf023c0080033489
:10a41800085043ac00a0023c405242240a000324e6
:0ca42800240043ac0800e003000000002a
:020000040000fa
:020000041d00dd
:10a43400e8ffbd271400bfaf88bf023c7010428cf8
:10a4440088bf033c4010638c20006330050060101b
:10a45400200042300400401088bf023c2117400f06
:10a464000000000088bf023c7010428c88bf033c8f
:10a474004010638c4000633005006010400042309f
:10a48400040040101400bf8f981c400f000000000f
:0ca494001400bf8f0800e0031800bd2773
:020000040000fa
:020000041d00dd
:10a4a000200003240b20a5000b180500022c04003b
:10a4b0000400a01402120500100063342528800057
:10a4c0000212050004004014022102000800633457
:10a4d0002510a00002210200040080548210040014
:10a4e000040063342520400082100400040040541e
:10a4f0004210020002006334251080004210020066
:0ca50000010042380800e0032510430071
:020000040000fa
:020000041d00dd
:10a50c00d8dfbd272420bfaf019d023c8ca942247b
:10a51c001800a2af019d023c94a942241400a2afe2
:10a52c00019d023ca0a942241000a2af019d073c52
:10a53c0070a9e724019d063c80a9c62400200524af
:10a54c00072c400f2000a427019d043c0c25400f34
:10a55c00b0a984240c25400f2000a4272420bf8ff1
:08a56c000800e0032820bd27d0
:020000040000fa
:020000041d00dd
:10a574005374617274696e67204d435032323030c7
:10a5840020696e697469616c697a6174696f6e00bf
:10a594004572726f723a204d43503232303020632c
:10a5a4006f6e66696775726174696f6e2066616942
:10a5b4006c6564004d43503232303020696e6974ea
:10a5c40069616c697a6174696f6e20737563636520
:08a5d400737366756c00000052
:020000040000fa
:020000041d00dd
:10a5dc000100032488bf023c046043ac88bf023cea
:10a5ec000e800434046144ac0200022488bf043c95
:10a5fc00046282ac81bf043c50fa82ac81bf043c43
:10a60c000300052458fa85ac81bf043c06000524e0
:10a61c0090fa85ac81bf043c00fb83ac81bf033c4a
:10a62c0054fb62ac81bf023c0400032430fb43acfe
:08a63c000800e003000000002b
:020000040000fa
:020000041d00dd
:10a644004f4e00004f4646004d43503437323520bc
:10a654004441433a2048562025732073657420747e
:10a664006f2025755620284441433a2025752c2017
:10a67400252e3366562900004d4350343732353a7f
:10a6840020444143207772697465206661696c6572
:10a69400642c20493243204572726f723a2025752a
:04a6a40000000000b2
:020000040000fa
:020000041d00dd
:10a6a8001000828ce0ffbd271800b1af2b88c200d4
:10a6b8000a3051001c00bfaf0c00c0101400b0af2e
:10a6c800258080001400848cc92b400f2588c00089
:10a6d8001400028e1000068e211051002388d1002c
:10a6e800140002ae100011ae000040a01c00bf8f85
:10a6f8001800b18f1400b08f0800e0032000bd27b8
:020000040000fa
:020000041d00dd
:10a708000080013c12008010243081000200810486
:10a7180000000000232004009e00052420388770d4
:10a728002328a7000420e400800084248000882ccb
:10a738002128a800034204000100083123208800d2
:10a748004020040042220400c0450500252088005e
:10a75800251086000800e00300000000000000004b
:020000040000fa
:020000041d00dd
:10a76800a0ffbd275c00bfaf010002242c8082a39c
:10a778002880828f01004224288082af872c400fd6
:10a78800000000002880838f1000a3af2538400008
:10a79800019d063c7cafc62440000524072c400fd1
:10a7a8001800a4270c25400f1800a4275c00bf8fb1
:08a7b8000800e0036000bd276a
:020000040000fa
:020000041d00dd
:10a7c00080bf023c000640ac80bf023c00064394c0
:10a7d000030004240429837c000643a480bf033cb7
:10a7e000100660ac80bf033cbb000424200664acb0
:10a7f00088bf033c3010648c0421047c301064acae
:10a800000006439401000424c47b837c000643a417
:08a810000800e0030000000055
:020000040000fa
:020000041d00dd
:10a81800436f6e6669677572696e67204d43503283
:10a828003230303a20494f4d61703d307825303212
:10a83800582c2042617564526174653d256c752cf5
:10a848002052784c45443d25642c2054784c45448e
:10a858003d25642c204857466c6f77436f6e7472a1
:08a868006f6c3d256400000047
:020000040000fa
:020000041d00dd
:10a87000019d063c25100000d8b1c62440180200f6
:10a8800021186600000067800300e0540000858cfa
:10a890000800e00301006290010042240000a8804b
:10a8a00004000715ff004230010062900100a5245a
:10a8b000000085ac0b00432cf1ff6014401802002f
:08a8c0000800e00300000000a5
:020000040000fa
:020000041d00dd
:10a8c800454550524f4d3a20526561642073697a6c
:10a8d800652065786365656473206d6178696d7559
:10a8e8006d206f7220696e76616c696420616464a2
:10a8f8007265737300000000454550524f4d3a2071
:10a9080053504920526561642054696d656f7574b0
:04a91800000000003b
:020000040000fa
:020000041d00dd
:10a91c000000043ce8ffbd270000842403008010e5
:10a92c001400bfaf09f88000000000000000843064
:10a93c000000a530009d083cf03f082509f80001f7
:10a94c00000000000000023c000042240300401004
:10a95c000000000009f8400000000000f9ff0010a2
:04a96c0000000000e7
:020000040000fa
:020000041d00dd
:10a970004e54504c2d584d43412d30303100000085
:10a9800025732c25732c25732c2573005645522dc9
:10a99000312e300032302d30342d3230323600003e
:10a9a0004e54504c2d3235303432312d3030310050
:10a9b00044657669636520496e666f3a0000000061
:020000040000fa
:020000041d00dd
:10a9c000454550524f4d3a20496e76616c6964207e
:10a9d00061646472657373206f72206c656e677456
:10a9e000682065786365656473206361706163697d
:10a9f00074790000454550524f4d3a20535049203c
:10aa000057726974652054696d656f757400000034
:020000040000fa
:020000041d00dd
:10aa1000d8ffbd272400bfaf1c00a0af1800a0af17
:10aa20001400a0af1000a0af6522400f2538000031
:10aa30000800401080bf033c01000424085064acaf
:10aa400088bf033c00100424781064ac0004042484
:10aa5000781064ac2400bf8f0800e0032800bd27f5
:020000040000fa
:020000041d00dd
:10aa60008000a32810006014251000008200a32895
:10aa700003006014830003240b00a31400000000f3
:10aa80000000c28c070042240410027c080043240a
:10aa90000000c3ac0400438c0000428c040083ac73
:10aaa000000082ac010002240800e0030000000066
:020000040000fa
:020000041d00dd
:10aab00058ffbd27a400bfafb800a2931c00a2afef
:10aac0001800a7af1400a6af1000a5af253880006e
:10aad000019d063c18a8c62480000524072c400fc1
:10aae0002000a4270c25400f2000a42701000224e9
:0caaf000a400bf8f0800e003a800bd27f1
:020000040000fa
:020000041d00dd
:10aafc00e8ffbd270c0081041400bfaf25108000b7
:10ab0c004210020001008430c229400f252082002f
:10ab1c0025284000e717400f252040001400bf8f68
:10ab2c000800e0031800bd27c229400f00000000f8
:08ab3c00fbff00101400bf8fa5
:020000040000fa
:020000041d00dd
:10ab44000000023c00004224070040100000023cc8
:10ab54000000422405004050019d023c3f0000706b
:10ab64000800e00300000000019d023c14ac4224f4
:10ab7400030040100000000009f84000000000003d
:08ab84000800e00300000000de
:020000040000fa
:020000041d00dd
:10ab8c0000a0023c785242242c004290ff0042303c
:10ab9c000a0040108000032488bf023c741043acb0
:10abac0000010324741043ac00a0023c78524224f0
:10abbc002c0040a01c0040ac200040ac0800e0037e
:04abcc00010002245e
:020000040000fa
:020000041d00dd
:10abd00000a0023cac5242242c004290ff004230c4
:10abe0000a0040102000033c88bf023c741043acb4
:10abf0004000033c741043ac00a0023cac52422421
:10ac00002c0040a01c0040ac200040ac0800e00339
:04ac10000100022419
:020000040000fa
:020000041d00dd
:10ac140000606041c000000099aa033c81bf023c6f
:10ac24005566632430f240ac30f243ac6655033cc5
:10ac3400aa99633430f243ac81bf023c010003247f
:10ac440018f643ac81bf023c10f6428c072b400b34
:04ac540000000000fc
:020000040000fa
:020000041d00dd
:10ac580080bf023c0050438c80bf023c1050448ca3
:10ac680000a0023c405242242400468c0a000524dd
:10ac78000500c514010002241f006330084082301b
:10ac8800251062002b1002000800e00300000000fd
:020000040000fa
:020000041d00dd
:10ac9800f8ffbd270000a0af0000a28f2b104400d2
:10aca80008004010000000000000a28f01004224ac
:10acb8000000a2af0000a28f2b104400faff40143e
:0cacc800000000000800e0030800bd27a9
:020000040000fa
:020000041d00dd
:10acd40088bf023c00100324081043ac88bf023c28
:10ace4000004033c081143ac88bf033c0400022465
:10acf400181162ac00040224181162ac88bf033c32
:0cad0400281162ac0800e0030000000011
:020000040000fa
:020000041d00dd
:10ad1000e0ffbd271800b0af1000a6af258080006f
:10ad20001c00bfaf8508400f1000a6270400038e4b
:10ad30001c00bf8fffff0424100063300b10830042
:0cad40001800b08f0800e0032000bd27c1
:020000040000fa
:020000041d00dd
:10ad4c000800c01025108000200003242318660082
:10ad5c000600601c0620c500252000000610c5005a
:10ad6c00252880000800e0032518a0000610c2006a
:10ad7c0004286500faff0010251045000800c010db
:10ad8c002510800020000424232086000600805c0f
:10ad9c000418c200251800000428c2002510600009
:10adac000800e0032518a0000428c5000610820046
:08adbc00faff00102528a20097
:020000040000fa
:020000041d00dd
:10adc400a0ffbd275c00bfaf1000a5af25388000f1
:10add400019d063c68aec62440000524072c400fa4
:10ade4001800a4270c25400f1800a4275c00bf8f6f
:08adf4000800e0036000bd2728
:020000040000fa
:020000041d00dd
:10adfc00251800000a00c310000000002110830079
:10ae0c00010063242138a30000004290ffffe7906b
:10ae1c00f8ff4710231047000800e0030000000073
:08ae2c000800e00325100000fe
:020000040000fa
:020000041d00dd
:10ae3400e8ffbd271000b0af1400bfaf2824400fb7
:10ae44002580a000000043901400bf8fff00103243
:10ae5400261870000b1003001000b08f0800e003e8
:04ae64001800bd27ee
:020000040000fa
:020000041d00dd
:10ae6800496e697469616c697a696e67204d4350ef
:10ae7800323230303a205649443d30782530345803
:10ae88002c205049443d30782530345800000000cb
:020000040000fa
:020000041d00dd
:10ae980080bf023c1058438c00a0023ce052422480
:10aea8001c004490ff008430030080140100022439
:10aeb80080006338c001627c0800e00300000000e5
:020000040000fa
:020000041d00dd
:10aec800000082800800401000000000251080006b
:10aed8000100422400004380feff60540100422428
:10aee8000800e003231044000800e00325100000d8
:020000040000fa
:020000041d00dd
:10aef80088bf023c3010438c0001637c0300601063
:10af08002510000080bf023c2006428c80bf033c15
:0caf18001006638c0800e00321106200aa
:020000040000fa
:020000041d00dd
:10af24000800c010251080002130860025188000fc
:10af34000100a524ffffa79001006324fcff661411
:0caf4400ffff67a00800e0030000000011
:020000040000fa
:020000041d00dd
:10af5000000082800000a38003004314ff006330e0
:10af60000400405401008424ff0042300800e00344
:0caf700023104300f6ff00100100a52490
:020000040000fa
:020000041d00dd
:10af7c0055415254312052582043616c6c626163cc
:10af8c006b3a2025752062797465732c20636f757c
:08af9c006e743a2025750000d7
:020000040000fa
:020000041d00dd
:10afa4000700c01025108000202c057c213086006d
:10afb4002518800001006324feff6614ffff65a0ce
:08afc4000800e003000000009a
:020000040000fa
:020000041d00dd
:10afcc00e8ffbd271000b0af1400bfaffd2b400f42
:10afdc00258080001400bf8f251000021000b08f58
:08afec000800e0031800bd2776
:020000040000fa
:020000041d00dd
:10aff40002000010251080002510c0000100a524c7
:10b00400ffffa38001004624fbff6014ffffc3a0e1
:08b014000800e0030000000049
:020000040000fa
:020000041d00dd
:10b01c00e0ffbd272c00a7af2c00a7271c00bfaf5b
:10b02c00a927400f1000a7af1c00bf8f0800e0033a
:04b03c002000bd270c
:020000040000fa
:020000041d00dd
:10b040000000000000408f40000000000001a04010
:10b0500000000000000014400000000000feaf40af
:020000040000fa
:020000041d00dd
:10b06000e8ffbd271400bfaf25380000b514400f1e
:10b07000253000001400bf8f0800e0031800bd2732
:020000040000fa
:020000041d00dd
:10b08000000000000000f03f00000000000024402d
:10b0900000000000000050430000000000001440c9
:10b0a000000000000000e043000000000000e0c3da
:10b0b000000000f0ffff1f34000000000000f00758
:020000040000fa
:020000041d00dd
:10b0c00000008c90ffffc624010084240000aca087
:10b0d000fbffc0140100a5240800e0032510800038
:020000040000fa
:020000041d00dd
:10b0e000bfff83241a00632c02006010251080002b
:0cb0f000200082340800e0030000000093
:020000040000fa
:020000041d00dd
:10b0fc009fff83241a00632c02006010251080002f
:0cb10c005f0082300800e003000000003b
:020000040000fa
:020000041d00dd
:10b118000000200201000003000000000b000000f6
:08b1280001000000000000001e
:020000040000fa
:020000041d00dd
:10b1300000a0033c785263243000628c300060ac85
:08b140000800e003000000001c
:020000040000fa
:020000041d00dd
:10b1480000a0023c78524224240044ac280045acbc
:08b158000800e0030000000004
:020000040000fa
:020000041d00dd
:10b1600000a0033cac5263243000628c300060ac21
:08b170000800e00300000000ec
:020000040000fa
:020000041d00dd
:10b17800f8ffbd270400bfaf00680240007002401e
:08b18800ffff001000000000b1
:020000040000fa
:020000041d00dd
:10b19000f8ffbd270400bfaf006802400070024006
:08b1a000ffff00100000000099
:020000040000fa
:020000041d00dd
:10b1a80000a0033c405263242800628c280060ac55
:08b1b8000800e00300000000a4
:020000040000fa
:020000041d00dd
:10b1c00000601a40bfff1b3cffff7b3724d05b03ae
:08b1d00000609a4018000042e3
:020000040000fa
:020000041d00dd
:10b1d80068076c094c836a9074a07ac000806888fc
:08b1e80000846c82008100006c
:020000040000fa
:020000041d00dd
:10b1f000ffffc6240000a0a0fdffc0140100a5248d
:08b200000800e00325108000a6
:020000040000fa
:020000041d00dd
:10b20800454550524f4d20427573792054696d65fc
:04b218006f757400da
:020000040000fa
:020000041d00dd
:10b21c0000a0023c785242242000428c0800e0033b
:04b22c00000000001e
:020000040000fa
:020000041d00dd
:10b2300000a0023c78524224140042900800e0032f
:04b24000000000000a
:020000040000fa
:020000041d00dd
:10b2440000a0023cac5242242000428c0800e003df
:04b2540000000000f6
:020000040000fa
:020000041d00dd
:10b2580000a0023cac524224140042900800e003d3
:04b2680000000000e2
:020000040000fa
:020000041d00dd
:10b26c00f0b1009dc0b0009d1ca0009d1ca0009dd5
:04b27c001ca0009d75
:020000040000fa
:020000041d00dd
:10b28000494e4600696e66004e414e006e616e008a
:020000040000fa
:020000041d00dd
:10b29000000000000000e07f0000000000006003ec
:020000040000fa
:020000041d00dd
:0cb2a0000000803f21960b340000003fae
:020000040000fa
:020000041d00dd
:0cb2ac00286e696c2900000025000000dd
:020000040000fa
:020000041d00dd
:08b2b8000800e00300000000a3
:020000040000fa
:020000041d00dd
:08b2c0000800e003000000009b
:020000040000fa
:020000041d00dd
:08b2c8000800e003251000005e
:020000040000fa
:020000041d00dd
:08b2d0000800e0032510000056
:020000040000fa
:020000041d00dd
:04b2d800555555551e
:00000001FF
